-- MySQL dump 10.13  Distrib 8.0.21, for Win64 (x86_64)
--
-- Host: localhost    Database: honorflight
-- ------------------------------------------------------
-- Server version	8.0.21

/*!40101 SET @OLD_CHARACTER_SET_CLIENT=@@CHARACTER_SET_CLIENT */;
/*!40101 SET @OLD_CHARACTER_SET_RESULTS=@@CHARACTER_SET_RESULTS */;
/*!40101 SET @OLD_COLLATION_CONNECTION=@@COLLATION_CONNECTION */;
/*!50503 SET NAMES utf8mb4 */;
/*!40103 SET @OLD_TIME_ZONE=@@TIME_ZONE */;
/*!40103 SET TIME_ZONE='+00:00' */;
/*!40014 SET @OLD_UNIQUE_CHECKS=@@UNIQUE_CHECKS, UNIQUE_CHECKS=0 */;
/*!40014 SET @OLD_FOREIGN_KEY_CHECKS=@@FOREIGN_KEY_CHECKS, FOREIGN_KEY_CHECKS=0 */;
/*!40101 SET @OLD_SQL_MODE=@@SQL_MODE, SQL_MODE='NO_AUTO_VALUE_ON_ZERO' */;
/*!40111 SET @OLD_SQL_NOTES=@@SQL_NOTES, SQL_NOTES=0 */;

--
-- Table structure for table `bus`
--
DROP DATABASE IF EXISTS honor_flight;

CREATE DATABASE IF NOT EXISTS honor_flight;

SHOW DATABASES;

USE honor_flight;

DROP TABLE IF EXISTS `bus`;
/*!40101 SET @saved_cs_client     = @@character_set_client */;
/*!50503 SET character_set_client = utf8mb4 */;
CREATE TABLE `bus` (
  `bus_id` int unsigned NOT NULL AUTO_INCREMENT,
  `mission_id` int unsigned NOT NULL,
  `name` varchar(45) DEFAULT NULL,
  `leader_first` varchar(255) DEFAULT NULL,
  `leader_last` varchar(255) DEFAULT NULL,
  `leader_nametag` varchar(45) DEFAULT NULL,
  `leader_phone` varchar(45) DEFAULT NULL,
  `leader_tee` varchar(45) DEFAULT NULL,
  `hs_first` varchar(255) DEFAULT NULL,
  `hs_last` varchar(255) DEFAULT NULL,
  `hs_nametag` varchar(45) DEFAULT NULL,
  `hs_phone` varchar(45) DEFAULT NULL,
  `hs_tee` varchar(45) DEFAULT NULL,
  `gl_first` varchar(255) DEFAULT NULL,
  `gl_last` varchar(255) DEFAULT NULL,
  `gl_nametag` varchar(45) DEFAULT NULL,
  `gl_phone` varchar(45) DEFAULT NULL,
  `gl_tee` varchar(45) DEFAULT NULL,
  PRIMARY KEY (`bus_id`),
  KEY `mission_bus_fk` (`mission_id`),
  CONSTRAINT `mission_bus_fk` FOREIGN KEY (`mission_id`) REFERENCES `mission` (`mission_id`) ON DELETE CASCADE ON UPDATE CASCADE
) ENGINE=InnoDB AUTO_INCREMENT=188 DEFAULT CHARSET=utf8;
/*!40101 SET character_set_client = @saved_cs_client */;

--
-- Dumping data for table `bus`
--

LOCK TABLES `bus` WRITE;
/*!40000 ALTER TABLE `bus` DISABLE KEYS */;
INSERT INTO `bus` VALUES (158,67,'Bus 1','','','','','S','','','','','S','','','','','S'),(159,67,'Bus 2','','','','','S','','','','','S','','','','','S'),(160,67,'Bus 3','','','','','S','','','','','S','','','','','S'),(161,68,'Bus 1','','','','','S','','','','','S','','','','','S'),(162,68,'Bus 2','','','','','S','','','','','S','','','','','S'),(163,68,'Bus 3','','','','','S','','','','','S','','','','','S'),(164,69,'Bus 1','','','','','S','','','','','S','','','','','S'),(165,69,'Bus 2','','','','','S','','','','','S','','','','','S'),(166,69,'Bus 3','','','','','S','','','','','S','','','','','S'),(167,70,'Bus 1','','','','','S','','','','','S','','','','','S'),(168,70,'Bus 2','','','','','S','','','','','S','','','','','S'),(169,70,'Bus 3','','','','','S','','','','','S','','','','','S');
/*!40000 ALTER TABLE `bus` ENABLE KEYS */;
UNLOCK TABLES;

--
-- Table structure for table `guardian`
--

DROP TABLE IF EXISTS `guardian`;
/*!40101 SET @saved_cs_client     = @@character_set_client */;
/*!50503 SET character_set_client = utf8mb4 */;
CREATE TABLE `guardian` (
  `guardian_id` int unsigned NOT NULL AUTO_INCREMENT,
  `first_name` varchar(255) DEFAULT NULL,
  `middle_initial` varchar(45) DEFAULT NULL,
  `last_name` varchar(255) DEFAULT NULL,
  `gender` varchar(45) DEFAULT NULL,
  `address` varchar(255) DEFAULT NULL,
  `city` varchar(255) DEFAULT NULL,
  `state` varchar(45) DEFAULT NULL,
  `zip` varchar(45) DEFAULT NULL,
  `nickname` varchar(45) DEFAULT NULL,
  `email` varchar(45) DEFAULT NULL,
  `day_phone` varchar(45) DEFAULT NULL,
  `cell_phone` varchar(45) DEFAULT NULL,
  `dob` date DEFAULT NULL,
  `occupation` varchar(255) DEFAULT NULL,
  `veteran` tinyint(1) DEFAULT NULL COMMENT 'Are you a veteran?',
  `branch` tinytext COMMENT 'If a veteran, branch, when and where you served',
  `how_heard` tinytext COMMENT 'How did you hear of Honor Flight?',
  `why_volunteering` tinytext COMMENT 'Please state why you are volunteering',
  `prior_experience` tinytext COMMENT 'Prior volunteer experience',
  `ref_name` varchar(255) DEFAULT NULL,
  `ref_day_phone` varchar(45) DEFAULT NULL,
  `ref_evening_phone` varchar(45) DEFAULT NULL,
  `ref_address` tinytext,
  `ref_relationship` varchar(255) DEFAULT NULL,
  `ref_email` varchar(255) DEFAULT NULL,
  `emergency_name` varchar(255) DEFAULT NULL,
  `emergency_relationship` varchar(255) DEFAULT NULL,
  `emergency_address` tinytext,
  `emergency_day_phone` varchar(45) DEFAULT NULL,
  `emergency_evening_phone` varchar(45) DEFAULT NULL,
  `emergency_cell_phone` varchar(45) DEFAULT NULL,
  `particular_veteran` tinyint(1) DEFAULT NULL COMMENT 'Are you requesting to travel with a particular veteran? ',
  `vet_name` varchar(255) DEFAULT NULL,
  `vet_relationship` varchar(255) DEFAULT NULL,
  `shirt_size` varchar(45) DEFAULT NULL,
  `push_veteran` tinyint(1) DEFAULT NULL,
  `med_training` text COMMENT 'Medication experience or training, e.g. EMT, CPR etc',
  `med_conditions` text COMMENT 'Please idfentify any physical disabilities, restrictions, and/or medical conditions that could limit your duties as a guardian',
  `app_date` date DEFAULT NULL,
  `diet_restrictions` varchar(255) DEFAULT NULL,
  `administrative_comments` varchar(45) DEFAULT NULL,
  `last_updated` datetime DEFAULT NULL,
  PRIMARY KEY (`guardian_id`)
) ENGINE=InnoDB AUTO_INCREMENT=10000 DEFAULT CHARSET=utf8;
/*!40101 SET character_set_client = @saved_cs_client */;

--
-- Dumping data for table `guardian`
--

LOCK TABLES `guardian` WRITE;
/*!40000 ALTER TABLE `guardian` DISABLE KEYS */;
INSERT INTO `guardian` VALUES (162,'Jerome','','Bacon','M',NULL,'Conesus','NY','14435','Jerry',NULL,'585-586-8135','585-314-7146','1957-08-11','Project Manager',1,'US Air Force Retired',NULL,NULL,'Welcome home volunteer',NULL,NULL,NULL,NULL,NULL,NULL,NULL,'Wife',NULL,NULL,NULL,NULL,0,NULL,'','L',0,'Previously certified as an EMT basic, no longer certified','','2012-03-22','none','','2013-10-06 17:20:58'),(168,'Bruce','G','Bello','M',NULL,'Pittsford','NY','14534','Bruce',NULL,'585-586-3661','585-314-2127','1954-01-19','Dir of Operation',0,'',NULL,NULL,'',NULL,NULL,NULL,NULL,NULL,NULL,NULL,'wife',NULL,NULL,NULL,NULL,1,NULL,'father','XL',NULL,'CPR','','2012-03-23','',NULL,NULL),(171,'Steven','L','Kodak','M',NULL,'Rochester','NY','14615','Steve',NULL,'585-586-2898','585-314-7195','1953-07-28','unemplyed',0,'',NULL,NULL,'',NULL,NULL,NULL,NULL,NULL,NULL,NULL,'sister',NULL,NULL,NULL,NULL,1,NULL,'father','XL',NULL,'','','2012-03-23','',NULL,NULL),(235,'Patrick','P','Singletary','M',NULL,'Fairport','NY','14450','',NULL,'585-586-3509','585-314-2597','1958-11-30','Director of Sales',0,'',NULL,NULL,'Guardian 1 flight.  Bus 2 Leader for 2 flights.',NULL,NULL,NULL,NULL,NULL,NULL,NULL,'spouse',NULL,NULL,NULL,NULL,0,NULL,'','XL',0,'','','2012-03-31','','','2013-03-28 21:35:24'),(243,'Laurie','J','Oliver','F',NULL,'Fairport','NY','14450','Laurie',NULL,'585-586-8852','585-314-4021','1962-09-27','Registered Nurse',0,'',NULL,NULL,'I have served Honor Flight as guardian, safety leader, and triage caller\r\n',NULL,NULL,NULL,NULL,NULL,NULL,NULL,'husband',NULL,NULL,NULL,NULL,0,NULL,'','S',0,'Registered Nurse- 28 years','None','2012-04-01','None','','2013-08-26 06:42:19'),(272,'Richard','Hayes','Smith','M',NULL,'Fairport','NY','14450','Rick',NULL,'585-586-6735','585-314-3219','1959-03-24','Operations Manager',0,'',NULL,NULL,'Honor Flight Ground crew assistance, guardian, Trip leader, bus leader, Memorial Day Parade participant-Fairport.  Periton Trail Association, Foodlink, Church teen group trip guardian, Rochester Clean Sweep, Youth Coach',NULL,NULL,NULL,NULL,NULL,NULL,NULL,'Wife',NULL,NULL,NULL,NULL,0,NULL,'','M',0,'Old CPR certified','None','2012-04-22','None','','2017-06-02 19:46:23'),(400,'Jennifer','L ','Abi','F',NULL,'Rochester','NY','14606','Jen',NULL,'585-586-7120','585-314-5889','1971-06-05','Paramedic',0,'',NULL,NULL,'',NULL,NULL,NULL,NULL,NULL,NULL,NULL,'Spouse',NULL,NULL,NULL,NULL,0,NULL,'','S',0,'Paramedic ','none','2012-07-12','none','','2016-06-08 10:33:50'),(431,'Anthony','J','Mills','M',NULL,'Canandaigua','NY','14424','Andy',NULL,'585-586-6398','585-314-1792','1944-01-19','Retired',0,'',NULL,NULL,'',NULL,NULL,NULL,NULL,NULL,NULL,NULL,'brother',NULL,NULL,NULL,NULL,1,NULL,'brother','L',0,'','','2012-07-26','','','2016-09-22 07:54:35'),(451,'Gina','E','Buck','F',NULL,'pittsford','NY','14534','',NULL,'585-586-1631','585-314-2902','1969-08-25','Registered Nurse',0,'',NULL,NULL,'Also volunteer with Meals on Wheels',NULL,NULL,NULL,NULL,NULL,NULL,NULL,'spouse',NULL,NULL,NULL,NULL,0,NULL,'','M',0,'I am a ED/Trauma Registered Nurse for 15 years\r\nCPR\r\nAdvanced Cardiac Life Support\r\nAdvanced Trauma Life Support (and instructor)','None','2012-08-03','None','','2015-09-03 09:12:03'),(483,'Gregory','B','Brownell','M',NULL,'Geneseo','NY','14454','Greg',NULL,'585-586-6957','585-314-5076','1950-02-27','Manager',0,'',NULL,NULL,'Guardian on M10, chair of the VRC',NULL,NULL,NULL,NULL,NULL,NULL,NULL,'spouse',NULL,NULL,NULL,NULL,0,NULL,'','M',NULL,'nothing relevant','none','2012-08-16','none',NULL,NULL),(957,'Tracey','A','Jeffrey','F',NULL,'Hilton','NY','14468','Tracey',NULL,'585-586-2899','585-314-6510','1975-05-03','self employed',0,'',NULL,NULL,'Perinton Volunteer Ambulance Corps, Hilton Volunteer Fire Department',NULL,NULL,NULL,NULL,NULL,NULL,NULL,'mother ',NULL,NULL,NULL,NULL,0,NULL,'','L',1,'EMT, CPR','none','2013-07-03','none','','2013-10-06 17:18:19'),(958,'Steven','M','Snyder','M',NULL,'Hilton','NY','14468','Steven',NULL,'585-586-2622','585-314-8323','1977-09-27','MEO',0,'',NULL,NULL,'Hilton Volunteer Fire Department',NULL,NULL,NULL,NULL,NULL,NULL,NULL,'Wife',NULL,NULL,NULL,NULL,0,NULL,'','XXL',0,'EMT, CPR, Firefighter','none','2013-07-03','none','GR Check  ef 9.22.19','2019-09-22 08:39:04'),(1010,'Jill','','Allen','F',NULL,'Spencerport','NY','14559','',NULL,'585-586-4412','585-314-4089','1972-05-04','Payment Processing Broker',1,'US Navy - 1992 NAS Coronado',NULL,NULL,'Honor Flight, Spencerport Volunteer Ambulance, Rochester Regional Veteran\'s Business Council, Spencerport Chamber of Commerce',NULL,NULL,NULL,NULL,NULL,NULL,NULL,'Husband',NULL,NULL,NULL,NULL,0,NULL,'','S',1,'EMT; CPR','None','2013-07-28','None',NULL,'2013-07-28 11:12:30'),(1098,'John','L','Mixon','M',NULL,'Rochester','NY','14609','John',NULL,'585-586-5198','585-314-4473','1964-09-26','Firefighter/Paramedic ',0,'',NULL,NULL,'I\'ve volunteered w/ HFR for 4+ years, served as a Guardian  & team leader on one mission, coordinated HFR @ the National Warplane Museum for the last 3 years.  I also volunteer with Pitty Love Rescue, am a past adult leader with ',NULL,NULL,NULL,NULL,NULL,NULL,NULL,'Friend',NULL,NULL,NULL,NULL,0,NULL,'Friend','L',1,'Firefighter/Paramedic, CPR Instructor, Rescue Diver','Vegan','2013-09-25','N/A','REG CK  2.26.20 ef\r\nGR Check  ef 10.13.19','2020-02-26 21:04:17'),(1107,'Richard','L','Stephens','M',NULL,'Penfield','NY','14526','Rich',NULL,'585-586-3755','585-314-1102','1948-03-28','Executive Director ',0,'',NULL,NULL,'Honor Flight Rochester Board of Directors,Cornell Club of Rochester Board of Directors, Penfield Chamber of Commerce Board of Directors ',NULL,NULL,NULL,NULL,NULL,NULL,NULL,'Spouse',NULL,NULL,NULL,NULL,1,NULL,'Friend','L',1,'CPR','none','2013-09-28','none','','2014-03-15 07:08:12'),(1126,'Thomas','J','Agee','M',NULL,'Webster','NY','14580','Tom',NULL,'585-586-3183','585-314-1089','1950-10-09','remodeling contractor',0,'',NULL,NULL,'boy scouts, soccer, genesee yacht club, rochester brooks gun club',NULL,NULL,NULL,NULL,NULL,NULL,NULL,'wife',NULL,NULL,NULL,NULL,0,NULL,'','S',1,'cpr, basic first aid','','2013-10-22','','','2014-09-14 18:15:44'),(1377,'Nicole','R','Brownie','F',NULL,'Spencerport','NY','14559','Nicole',NULL,'585-586-4649','585-314-2141','1975-02-22','Recreation Therapist',0,'',NULL,NULL,'I have volunteered for Veterans Outreach Center; participating in welcome homes at the airport and fundraisers throughout the year for our active service men and women.',NULL,NULL,NULL,NULL,NULL,NULL,NULL,'mother',NULL,NULL,NULL,NULL,0,NULL,'','L',1,'CPR','','2014-05-13','vegetarian',NULL,'2014-05-13 08:11:14'),(1408,'Amy','L.P.','Davidson','F',NULL,'Rochester','NY','14618','Amy',NULL,'585-586-4696','585-314-7440','1971-01-22','Registered Nurse',0,'',NULL,NULL,'I have actively volunteered for Girl Scouts, Boy Scouts, Cub Scouts, multiple church activities and many other nursing related activities over the past 15+ years.',NULL,NULL,NULL,NULL,NULL,NULL,NULL,'spouse',NULL,NULL,NULL,NULL,0,NULL,'','L',1,'Registered Nurse, Professional Rescuer CPR/AED, First Aid','None','2014-06-14','None','','2018-03-31 16:05:18'),(1457,'Jennifer','L','Crumb','F',NULL,'Rochester','NY','14612','Jen',NULL,'585-586-5371','585-314-3778','1973-04-10','Nurse Practitioner / RN',0,'',NULL,NULL,'Adviser Youth Mission Projects\r\nCostume mistress for Greece Athena HS and MS\r\nDeacon, Gates Presbyterian Church\r\n',NULL,NULL,NULL,NULL,NULL,NULL,NULL,'spouse',NULL,NULL,NULL,NULL,0,NULL,'','M',1,'Nurse Practitioner','none','2014-07-07','none',NULL,'2014-07-07 19:10:36'),(1581,'Peter','J','Fox','M',NULL,'Pittsford','NY','14534','Peter',NULL,'585-586-6593','585-314-5571','1973-09-24','Attorney',1,'USAF',NULL,NULL,'',NULL,NULL,NULL,NULL,NULL,NULL,NULL,'Wife',NULL,NULL,NULL,NULL,0,NULL,'','XXL',1,'','','2014-09-29','','','2014-10-02 06:37:02'),(1682,'Justin','G','White','M',NULL,'West Henrietta','NY','14586','',NULL,'585-586-4359','585-314-7523','1974-10-10','Firefighter/EMT',1,'Navy, Navy Reserves.  Active from 1993 t0 1998 in Jacksonville Florida and Brunswick Maine. Reserves from 1998 to present in Maine, Florida, New Jersey, Washington, and New York.',NULL,NULL,'Various organizations where my children were involved as well as volunteering with the School of the Holy Childhood through the Fire Department.',NULL,NULL,NULL,NULL,NULL,NULL,NULL,'Spouse',NULL,NULL,NULL,NULL,0,NULL,'N/A','L',0,'EMT','None','2015-03-12','None',NULL,'2015-03-12 08:42:19'),(1793,'Verlin','B','Harris','M',NULL,'Canandaigua','NY','14424','V',NULL,'585-586-2017','585-314-2905','1959-05-21','CNA',0,'',NULL,NULL,'',NULL,NULL,NULL,NULL,NULL,NULL,NULL,'Friend',NULL,NULL,NULL,NULL,1,NULL,'client at VA','XXXL',1,'CPR','','0000-00-00','','GR Check  ef 6.9.19','2019-06-09 07:56:14'),(1851,'Timothy','R','Carr','M',NULL,'Mount Morris','NY','14510','Tim',NULL,'585-586-6007','585-314-9543','1950-12-30','retired',1,'USAF 9/69-3/70 Sheppard AFB Texas',NULL,NULL,'with Honor Flight, none, with Fire/Rescue, over 20 years within Livingston County',NULL,NULL,NULL,NULL,NULL,NULL,NULL,'brother',NULL,NULL,NULL,NULL,1,NULL,'brother','L',1,'advanced red cross, EMT','none','2015-07-03','none','updated ry','2019-03-30 22:28:50'),(2293,'Lisa','O','James','F',NULL,'Rochester','NY','14626','',NULL,'585-586-5987','585-314-5055','1971-03-24','Test Engineer',0,'',NULL,NULL,'I went on Mission 42 with my Dad. After that incredible experience, I decided to become a volunteer at Welcome Home ceremonies, Speaking engagements, special events, etc.',NULL,NULL,NULL,NULL,NULL,NULL,NULL,'Spouse',NULL,NULL,NULL,NULL,0,NULL,'','M',1,'','None','2016-07-20','None',NULL,'2016-07-20 09:35:57'),(2323,'Mary','','Davis','F',NULL,'Rochester','NY','14625','Mary',NULL,'585-586-2917','585-314-4415','1963-04-06','pharmacist',0,'',NULL,NULL,'RGH Camp BronchoPower (children\'s asthma camp) 2000-present, St. Joseph\'s Neighborhood Center 2005-present, Blessed Sacrament Church 2000-2009',NULL,NULL,NULL,NULL,NULL,NULL,NULL,'spouse',NULL,NULL,NULL,NULL,0,NULL,'','M',1,'registered pharmacist with 10+ years hospital experience','none known','2016-08-05','none',NULL,'2016-08-04 23:33:55'),(2449,'Eric','S','Ripken','M',NULL,'Scottsville','NY','14546','Eric',NULL,'585-586-5623','585-314-6909','1973-02-19','Southwest Airlines',0,'',NULL,NULL,'',NULL,NULL,NULL,NULL,NULL,NULL,NULL,'spouse',NULL,NULL,NULL,NULL,0,NULL,'','S',1,'','','2016-10-15','','','2016-10-15 09:03:02'),(2480,'Gary ','W','Adams','M',NULL,'Livonia','NY','14487','',NULL,'585-586-1365','585-314-3305','1959-07-06','Law Enforcement',0,'',NULL,NULL,'',NULL,NULL,NULL,NULL,NULL,NULL,NULL,'Wife',NULL,NULL,NULL,NULL,1,NULL,'Father','L',0,'First Aid, CPR, AED','None','2017-01-15','None','GR Check  ef 6.8.19','2019-06-08 22:38:13'),(2571,'Lee','A','Hill','M',NULL,'Webster','NY','14580','Lee',NULL,'585-586-7956','585-314-4796','1970-07-19','Engineer',1,'Navy\r\n1988 - present',NULL,NULL,'Guest Speaker for HFR Mission, and provide Color Guard from NOSC Rochester on past missions.',NULL,NULL,NULL,NULL,NULL,NULL,NULL,'Wife',NULL,NULL,NULL,NULL,0,NULL,'','XL',1,'CPR, but card has expired','N/A','2017-04-02','N/A','','2017-04-26 19:42:41'),(2647,'Amanda','B','Thomas','F',NULL,'Webster','NV','14580','Amanda',NULL,'585-586-8688','585-314-5068','1977-04-04','Project Co-ord.',0,'',NULL,NULL,'',NULL,NULL,NULL,NULL,NULL,NULL,NULL,'Spouse',NULL,NULL,NULL,NULL,1,NULL,'father','M',1,'','','2017-05-26','','GR Check  ef 6.9.19','2019-06-09 07:35:50'),(2689,'Amy','E ','Moore','F',NULL,'Webster','NY','14580','',NULL,'585-586-1574','585-314-1952','1974-03-08','Provider Enrollment',0,'',NULL,NULL,'Honor Flight and also with poker runs to raise funds for badge of honor, warrior alliance and veterans outreach ',NULL,NULL,NULL,NULL,NULL,NULL,NULL,'Mother ',NULL,NULL,NULL,NULL,0,NULL,'Solo','S',0,'CPR certified ','N/A','2017-07-08','N/A','GR Check  ef 6.8.19','2019-06-08 20:47:32'),(2691,'Kevin','Patrick','Palmer','M',NULL,'Rochester','NY','14616','',NULL,'585-586-8805','585-314-3558','1964-01-31','Printed Circuit Board Designer',0,'',NULL,NULL,'Church, Lions Club, Habitat for Humanity, United Way Day of Caring',NULL,NULL,NULL,NULL,NULL,NULL,NULL,'Spouse',NULL,NULL,NULL,NULL,0,NULL,'','XL',1,'','','2017-07-09','','','2018-10-15 21:28:04'),(2733,'Doreen','F','Campbell','F',NULL,'Churchville','NY','14428','',NULL,'585-586-3307','585-314-2934','1971-03-14','Director of counseling',0,'',NULL,NULL,'',NULL,NULL,NULL,NULL,NULL,NULL,NULL,'Husband',NULL,NULL,NULL,NULL,1,NULL,'Father','M',1,'','None','2017-08-11','None','GR Check  ef 6.9.19','2019-06-09 07:29:22'),(2773,'Thomas','F','Diggs','M',NULL,'rochester','NY','14624','Thom',NULL,'585-586-8120','585-314-3997','1958-01-13','retired papermaker',0,'',NULL,NULL,'no',NULL,NULL,NULL,NULL,NULL,NULL,NULL,'brother',NULL,NULL,NULL,NULL,1,NULL,'father ','XXL',1,'CPR outdated though','none','2017-09-08','none','','2017-09-17 18:20:20'),(2853,'Jaclynn','A','Parker','F',NULL,'Kenmore','NY','14217','Jackie',NULL,'585-586-3681','585-314-2185','1982-06-26','Student',0,'',NULL,NULL,'',NULL,NULL,NULL,NULL,NULL,NULL,NULL,'Mother',NULL,NULL,NULL,NULL,1,NULL,'Father','XXL',1,'None','None','2017-10-23','None','GR Check  ef 6.9.19','2019-06-09 10:10:52'),(2867,'Gary','P','Phillips','M',NULL,'Rochester','NY','14624','',NULL,'585-586-3044','585-314-7932','1955-04-18','construction,rigger,truckdriver',0,'',NULL,NULL,'Volunteer at NYMT museum , doing some maintenance and restoration work.',NULL,NULL,NULL,NULL,NULL,NULL,NULL,'My other 1/2',NULL,NULL,NULL,NULL,1,NULL,'Friend and Neighbor','XXL',1,'','none','2017-11-09','none','GR Check  ef 6.9.19\r\n','2019-06-09 09:15:18'),(2881,'Martin','E','Thompson','M',NULL,'Bloomfield','NY','14469','Marty',NULL,'585-586-4176','585-314-6109','1974-11-30','Meteorologist',0,'',NULL,NULL,'',NULL,NULL,NULL,NULL,NULL,NULL,NULL,'Wife',NULL,NULL,NULL,NULL,1,NULL,'father','M',1,'','','2017-12-28','','GR Check  ef 6.9.19','2019-06-09 12:27:47'),(2888,'Zachary','A','Robinson','M',NULL,'Attica','NY','14011','pack rat',NULL,'585-586-2751','585-314-6750','1965-11-20','sales',0,'',NULL,NULL,'sports',NULL,NULL,NULL,NULL,NULL,NULL,NULL,'Girlfriend',NULL,NULL,NULL,NULL,1,NULL,'Father','XXL',1,'none','none','2018-01-17','none','GR Check  ef 6.9.19','2019-06-09 11:56:22'),(2902,'David','G','Jackson','M',NULL,'Farmington','NY','14425','Greg',NULL,'585-586-1227','585-314-6423','1967-02-10','Dir of Operations',0,'',NULL,NULL,'',NULL,NULL,NULL,NULL,NULL,NULL,NULL,'spouse',NULL,NULL,NULL,NULL,1,NULL,'father','XL',1,'','','2018-02-03','','GR Check  ef 6.9.19','2019-06-09 07:31:33'),(2906,'Kelly','','Conway','F',NULL,'Victor','NY','14564','',NULL,'585-586-6883','585-314-2867','1969-11-18','LPN',0,'',NULL,NULL,'13 year volunteer EMT, volunteer CPR instructor for Ontario County, volunteer for nursery at church,  past girls scout leader',NULL,NULL,NULL,NULL,NULL,NULL,NULL,'Husband',NULL,NULL,NULL,NULL,0,NULL,'','L',1,'LPN, CPR instructor, 13 year EMT (certification has expired). Ventilator, 02, g tube catheter experience','','2018-02-05','',NULL,'2018-02-04 20:05:35'),(2907,'Jeff','','Darling','M',NULL,'Victor','NY','14564','',NULL,'585-586-3735','585-314-4068','1957-07-27','Warehouse/truck driver',0,'',NULL,NULL,'CPR volunteer for Gypsum Mills  pool,  pool maintenance, 4H,  was volunteer for many high school  wrestling/football functions',NULL,NULL,NULL,NULL,NULL,NULL,NULL,'Wife',NULL,NULL,NULL,NULL,0,NULL,'','XXL',0,'CPR certified','','2018-02-05','',NULL,'2018-02-04 20:18:03'),(2912,'Patrick','W','extra',NULL,NULL,'CHURCHVILLE','NY','14428','\"grandpa\"',NULL,'585-586-7026','585-314-2738','1946-12-07','Golf course grounds worker',1,'Navy.Viet Nam honorable discharge 1967',NULL,NULL,'',NULL,NULL,NULL,NULL,NULL,NULL,NULL,'Wife',NULL,NULL,NULL,NULL,0,NULL,'','S',0,'','','2018-02-05','',NULL,'2018-02-05 14:57:22'),(2916,'Sally ','J','Richardson','F',NULL,'Rochester ','NY','14617','Sal ',NULL,'585-586-5930','585-314-1486','1949-06-07','Marketing manager',0,'',NULL,NULL,'Honor Flight. Greyhound adoption placement rep. Pow ',NULL,NULL,NULL,NULL,NULL,NULL,NULL,'Daughter ',NULL,NULL,NULL,NULL,0,NULL,'','L',1,'Medical Secretary and pharmacy technician ','None','2018-02-08','None ',NULL,'2018-02-08 17:47:05'),(3049,'Kathleen','A','Hernandez','F',NULL,'Dansville','NY','14437','Katie',NULL,'585-586-8571','585-314-8217','1964-03-27','Teacher/Librarian',0,'',NULL,NULL,'None with Honor Flight',NULL,NULL,NULL,NULL,NULL,NULL,NULL,'Daughter',NULL,NULL,NULL,NULL,1,NULL,'father','M',1,'previously certified in CPR','none','2018-04-28','none','GR Check  ef 6.9.19','2019-06-09 07:46:54'),(3057,'Linda ','M','Smith','F',NULL,'Rochester','NY','14624','',NULL,'585-586-7068','585-314-6304','1973-04-26','Teacher',0,'',NULL,NULL,'Hospital and school volunteer ',NULL,NULL,NULL,NULL,NULL,NULL,NULL,'Mother',NULL,NULL,NULL,NULL,1,NULL,'Father','XXL',1,'','','2018-05-05','','GR Check  ef 6.9.19','2019-06-09 12:25:28'),(3084,'Eric','J','Gonzalez','M',NULL,'ROCHESTER','NY','14624','',NULL,'585-586-6282','585-314-5496','1972-04-21','ROUTE DRIVER',0,'',NULL,NULL,'',NULL,NULL,NULL,NULL,NULL,NULL,NULL,'WIFE',NULL,NULL,NULL,NULL,1,NULL,'FATHER','XXXL',1,'BASIC FIRST AID','','2018-05-21','','GR Check  ef 6.8.19','2019-06-08 23:11:20'),(3092,'Linda','L','Brown','F',NULL,'Rochester','NY','14608','Linda',NULL,'585-586-8934','585-314-7595','1963-05-31','Executive Assistant',0,'',NULL,NULL,'None',NULL,NULL,NULL,NULL,NULL,NULL,NULL,'Sister',NULL,NULL,NULL,NULL,1,NULL,'Father','L',1,'None','None','2018-05-23','None','GR Check  ef 6.9.19','2019-06-09 11:49:29'),(3095,'Patrick','K','Morgan','M',NULL,'Rochester','NY','14618','Patrick',NULL,'585-586-6789','585-314-3489','1970-04-27','Human Resources',0,'',NULL,NULL,'',NULL,NULL,NULL,NULL,NULL,NULL,NULL,'spouse',NULL,NULL,NULL,NULL,1,NULL,'father','S',1,'','','2018-05-25','','GR Check  ef 6.9.19','2019-06-09 10:08:15'),(3118,'Jeffrey','A','Mitchell','M',NULL,'Rochester','NY','14612','',NULL,'585-586-7144','585-314-3657','1965-05-21','Bricklayer ',0,'',NULL,NULL,'',NULL,NULL,NULL,NULL,NULL,NULL,NULL,'Wife',NULL,NULL,NULL,NULL,1,NULL,'Father','L',1,'','','2018-06-20','','GR Check  ef 6.9.19','2019-06-09 10:02:09'),(3141,'Loren','S','Bell','M',NULL,'Branchport','NV','14418','Loren',NULL,'585-586-6355','585-314-7820','1962-01-24','Safety Supervisor',1,'Army',NULL,NULL,'',NULL,NULL,NULL,NULL,NULL,NULL,NULL,'spouse',NULL,NULL,NULL,NULL,1,NULL,'stepfahter','XXXL',1,'','','2018-07-02','','GR Check  ef 9.23.19','2019-09-23 23:26:06'),(3152,'Donald','S','Nelson','M',NULL,'Livonia','NY','14487','Don',NULL,'585-586-1346','585-314-1134','1954-01-11','Professor Emeritus',0,'',NULL,NULL,'First Responder Livonia Fire Police, Honor Flight 60 volunteer, ARC of Livingston/Wyoming County Board Member, Therapy Dog visitations plus numerous other volunteer experiences related to Education',NULL,NULL,NULL,NULL,NULL,NULL,NULL,'Spouse',NULL,NULL,NULL,NULL,0,NULL,'Solo','XL',1,'','none','2018-07-05','none','GR Check  ef 6.8.19','2019-06-08 20:59:09'),(3159,'Peter','S','Baker','M',NULL,'Rochester','NY','14620','',NULL,'585-586-5661','585-314-2095','1966-10-12','quality tech',0,'',NULL,NULL,'',NULL,NULL,NULL,NULL,NULL,NULL,NULL,'wife',NULL,NULL,NULL,NULL,1,NULL,'father','XL',1,'','','2018-05-06','','GR Check  ef 6.8.19','2019-06-08 22:47:14'),(3301,'Robert ','A','Moss','M',NULL,'Webster ','NY','14580','Bob',NULL,'585-586-6269','585-314-6640','1972-08-19','Registered nurse ',1,'Yes retiring LCDR nurse corps officer. I have 20 years in 95-00 active duty corpsman at national naval medical center. 15 years reserve with 4th med battalion ',NULL,NULL,'Westons mills volunteer fire department ',NULL,NULL,NULL,NULL,NULL,NULL,NULL,'Grandmother ',NULL,NULL,NULL,NULL,0,NULL,'','S',1,'Critical care registered nurse ','None','2018-09-20','None',NULL,'2018-09-20 19:43:08'),(3371,'David','G','Miller','M',NULL,'Rochester','NY','14618','',NULL,'585-586-5363','585-314-5577','1960-03-03','Brighton',1,'Army, 1982-92',NULL,NULL,'None with Honor flight but extensive with other groups/organizations throughout my life',NULL,NULL,NULL,NULL,NULL,NULL,NULL,'Wife',NULL,NULL,NULL,NULL,1,NULL,'Father','XL',1,'Other than CPR training at work, nothing else formal','none','2018-12-14','none','GR Check  ef 6.9.19','2019-06-09 09:56:05'),(3378,'Joseph','R','Cox','M',NULL,'Rochester','NY','14606','Joe',NULL,'585-586-8010','585-314-7965','1964-09-08','Assembler',0,'',NULL,NULL,'Youth sports (soccer & football)',NULL,NULL,NULL,NULL,NULL,NULL,NULL,'Wife',NULL,NULL,NULL,NULL,1,NULL,'Father','XL',1,'CPR','','2018-10-17','','GR Check  ef 6.8.19\r\n\r\n','2019-06-08 23:14:13'),(3405,'Frank','A','Richardson','M',NULL,'rochester','NY','14606','frankie',NULL,'585-586-5965','585-314-5098','1962-06-28','contactor',0,'',NULL,NULL,'none',NULL,NULL,NULL,NULL,NULL,NULL,NULL,'girlfreind',NULL,NULL,NULL,NULL,1,NULL,'son','XL',1,'problem solver','none','2019-01-30','none','GR Check  ef 6.9.19','2019-06-09 11:12:30'),(3409,'Donna','M','Angel','F',NULL,'Geneseo','NY','14454','',NULL,'585-586-5793','585-314-1596','1963-02-07','teacher',0,'',NULL,NULL,'',NULL,NULL,NULL,NULL,NULL,NULL,NULL,'Sister',NULL,NULL,NULL,NULL,1,NULL,'daughter','XL',1,'','none','2019-01-31','none','GR Check  ef 9.22.19','2019-09-22 21:59:55'),(3439,'Craig','A','Avon','M',NULL,'Ontario','NY','14519','',NULL,'585-586-2071','585-314-1685','1985-05-07','Engineer',0,'',NULL,NULL,'Many previous volunteering experiences for children\'s organizations, veterans dinners, construction projects, etc. Most recently i often join my father during volunteer events through the local Elks Lodge.',NULL,NULL,NULL,NULL,NULL,NULL,NULL,'Mother',NULL,NULL,NULL,NULL,1,NULL,'Father','XXL',1,'None','None','2019-02-16','None','GR Check  ef 9.22.19','2019-09-22 08:36:41'),(3463,'Jackie','P','West','M',NULL,'PERRY','NY','14530','Jack',NULL,'585-586-1977','585-314-3635','1963-02-22','Carpenter',0,'',NULL,NULL,'Usually church workdays and such. Several missions trips overseas. Habitat for humanity.',NULL,NULL,NULL,NULL,NULL,NULL,NULL,'Wife',NULL,NULL,NULL,NULL,1,NULL,'Father','XL',0,'none','none','2019-03-09','none','GR Check  ef 4.30.19','2019-04-30 22:11:47'),(3465,'Richard','A','Yang','M',NULL,'Williamson','NY','14589','Rick',NULL,'585-586-3673','585-314-4124','1964-08-28','Retired Firefighter',0,'',NULL,NULL,'',NULL,NULL,NULL,NULL,NULL,NULL,NULL,'Spouse',NULL,NULL,NULL,NULL,1,NULL,'Father','XXL',1,'EMT-Basic (Expired 6 months)\r\n30 years Paid Firefighter- retired','None\r\nNo meds.\r\nNo allergies.','2019-03-10','None','GR Check  ef 4.30.19','2019-04-30 10:34:42'),(3496,'Lynn','M','Lopez','F',NULL,'Victor','NY','14564','',NULL,'585-586-3433','585-314-7186','1972-08-03','Floral designer',0,'',NULL,NULL,'',NULL,NULL,NULL,NULL,NULL,NULL,NULL,'My fiancee',NULL,NULL,NULL,NULL,1,NULL,'Father','XL',1,'','N/A','2019-03-27','','GR Check  ef 6.9.19','2019-06-09 08:36:57'),(3508,'Michael','C','Martin','M',NULL,'Columbus','OH','43202','Mike',NULL,'585-586-6149','585-314-2167','1996-07-28','Student',0,'',NULL,NULL,'',NULL,NULL,NULL,NULL,NULL,NULL,NULL,'Mother',NULL,NULL,NULL,NULL,1,NULL,'Grandfather','L',1,'CPR/Advanced First Aid','N/A','2019-04-03','','GR Check  ef 6.9.19','2019-06-09 14:46:06'),(3510,'David','S','Hall','M',NULL,'Rochester','NY','14612','Dave',NULL,'585-586-2447','585-314-7924','1955-04-01','Retired',0,'',NULL,NULL,'',NULL,NULL,NULL,NULL,NULL,NULL,NULL,'Wife',NULL,NULL,NULL,NULL,0,NULL,'','XL',0,'','','0000-00-00','','','2019-04-03 17:55:39'),(3513,'Daniel','B','Taylor','M',NULL,'Geneseo','NY','14454','',NULL,'585-586-2789','585-314-2980','1983-08-03','town of geneseo',0,'',NULL,NULL,'',NULL,NULL,NULL,NULL,NULL,NULL,NULL,'Mother',NULL,NULL,NULL,NULL,1,NULL,'Grandfather','L',1,'First responder and CPR','','2019-04-05','','GR Check  ef 6.9.19','2019-06-09 09:18:28'),(3522,'Bryanna','A','Bell','F',NULL,'Victor','NY','14564','Bree',NULL,'585-586-6602','585-314-1248','1995-03-15','Student Physical Therapist',0,'',NULL,NULL,'Habitat for Humanity, Key Club, SEAS club',NULL,NULL,NULL,NULL,NULL,NULL,NULL,'Grandmother',NULL,NULL,NULL,NULL,1,NULL,'Grandfather','S',1,'CPR/first aid','Well controlled Asthma ','2019-04-16','N/A','GR Check  ef 6.8.19','2019-06-08 14:55:39'),(3525,'Debra','M','Johnson','F',NULL,'Fairport,','NY','14450','Debi',NULL,'585-586-6649','585-314-6829','1956-04-04','registered nurse',0,'',NULL,NULL,'',NULL,NULL,NULL,NULL,NULL,NULL,NULL,'husband',NULL,NULL,NULL,NULL,1,NULL,'father','XXL',1,'R.N.    CPR certified','none','2019-04-18','allergic to shrimp','ef  5.29.19  \r\nGR Check  ef 6.9.19','2019-06-09 07:41:55'),(3530,'Dale','R','Cook','M',NULL,'Palmyra','NY','14522','',NULL,'585-586-4437','585-314-3037','1951-07-03','Retired',0,'',NULL,NULL,'I am in my fifth year of full-time volunteer missionary service for my church.  I have taught religious studies in both a women\'s and men\'s prison.  I have served many years in church leadership and with the Boy Scouts of America.',NULL,NULL,NULL,NULL,NULL,NULL,NULL,'Wife',NULL,NULL,NULL,NULL,1,NULL,'Friend','L',1,'CPR Years ago!','None','2019-04-19','No tea, coffee, alcohol or tobacco.','GR Check  ef 6.8.19','2019-06-08 22:42:31'),(3535,'Ralph','J','Cooper','M',NULL,'Pittsford','NY','14534','Ralph',NULL,'585-586-2239','585-314-4143','1967-02-18','Entrepreneur',0,'',NULL,NULL,'NONE',NULL,NULL,NULL,NULL,NULL,NULL,NULL,'Spouse',NULL,NULL,NULL,NULL,1,NULL,'Father','XXL',1,'NO','NONE','2019-04-23','NONE','GR Check  ef 6.8.19','2019-06-08 22:59:46'),(3536,'Jennifer','L','Lee','F',NULL,'Rochester','NY','14612','Jen',NULL,'585-586-6884','585-314-2603','1972-06-29','Teacher Aide',0,'',NULL,NULL,'Volunteered so much for my sons\' school for 5 years that they asked if I wanted to work there.  Comittee Chair for Boy Scout Troop, very active in community service and Eagle projects. As well as the Secretary of PTSA for my sons school. ',NULL,NULL,NULL,NULL,NULL,NULL,NULL,'Husband',NULL,NULL,NULL,NULL,1,NULL,'Father','L',1,'None','None ','2019-04-23','None','GR Check  ef 6.9.19','2019-06-09 10:12:41'),(3537,'Megan','E','Sanchez','F',NULL,'Geneseo','NY','14454','',NULL,'585-586-7063','585-314-5861','1997-10-04','Student',0,'',NULL,NULL,'',NULL,NULL,NULL,NULL,NULL,NULL,NULL,'Mother',NULL,NULL,NULL,NULL,1,NULL,'Grandfather','L',1,'n/a','n/a','2019-04-24','n/a','GR Check  ef 6.9.19','2019-06-09 10:06:08'),(3541,'William','L.','Green','M',NULL,'Churchville','NY','14428','Bill',NULL,'585-586-8754','585-314-4120','1949-02-05','RETIRED',0,'',NULL,NULL,'N/A',NULL,NULL,NULL,NULL,NULL,NULL,NULL,'WIFE',NULL,NULL,NULL,NULL,0,NULL,'FRIEND','XXXL',1,'NO','NONE','2019-04-25','NONE','GR Check  ef 6.9.19','2019-06-09 09:58:14'),(3545,'Christopher','W','Wan','M',NULL,'South Park','NY','15129','Chris',NULL,'585-586-2260','585-314-8452','1975-01-09','Service Analyst',0,'',NULL,NULL,'',NULL,NULL,NULL,NULL,NULL,NULL,NULL,'Spouse',NULL,NULL,NULL,NULL,1,NULL,'Father','L',1,'None','None','2019-04-29','None','GR Check  ef 4.30.19','2019-04-30 10:41:59'),(3546,'Jennifer','Louise','Young','F',NULL,'Concord','NH','03303','Jennifer',NULL,'585-586-8673','585-314-8643','1964-06-06','HR Technology Specialist',0,'',NULL,NULL,'City Councilor Elected Official',NULL,NULL,NULL,NULL,NULL,NULL,NULL,'Husband',NULL,NULL,NULL,NULL,1,NULL,'Dad','M',0,'CPR and First Aid','None','2019-04-29','','GR Check  ef 4.30.19','2019-04-30 20:19:47'),(3550,'Richard','','Roberts','M',NULL,'Fairport','NY','14450','',NULL,'585-586-5905','585-314-1788','1959-12-18','Custodian',0,'',NULL,NULL,'',NULL,NULL,NULL,NULL,NULL,NULL,NULL,'Wife',NULL,NULL,NULL,NULL,0,NULL,'','L',0,'none','none','2019-04-29','none','GR Check  ef 6.9.19','2019-06-09 11:46:53'),(3555,'David','A','Scott','M',NULL,'Fairport','NY','14450','David',NULL,'585-586-3929','585-314-6346','1963-06-05','Manager',0,'',NULL,NULL,'None',NULL,NULL,NULL,NULL,NULL,NULL,NULL,'Wife',NULL,NULL,NULL,NULL,1,NULL,'He\'s my Dad (I\'m his son)','L',1,'None','None','2019-04-30','None','GR Check  ef 6.9.19','2019-06-09 12:22:54'),(3556,'Jeffrey','A','Anderson','M',NULL,'Rochester','NY','14626','Jeffrey',NULL,'585-586-8877','585-314-8368','1964-08-04','Bar/ Restaurant  owner',0,'',NULL,NULL,'',NULL,NULL,NULL,NULL,NULL,NULL,NULL,'Sister',NULL,NULL,NULL,NULL,1,NULL,'Father','XL',1,'None','None','2019-04-30','None','GR Check  ef 6.8.19','2019-06-08 22:45:31'),(3558,'Timothy','G','White','M',NULL,'MARION','NY','14505','Tim',NULL,'585-586-5599','585-314-4807','1979-06-26','Attorney',1,'US Army; June 2001 - present; Korea, Ft. Sill, Iraq (2 tours), Reserves',NULL,NULL,'Numerous',NULL,NULL,NULL,NULL,NULL,NULL,NULL,'Spouse (Wife)',NULL,NULL,NULL,NULL,1,NULL,'Step-dad','XXXL',1,'Former EMT; Army medical (Combat Lifesaver)','None','2019-05-02','None','GR Check  ef 6.8.19','2019-06-08 22:49:59'),(3560,'Ursula','E','Perez','F',NULL,'Ontario','NY','14519','Ursula',NULL,'585-586-1367','585-314-7928','1971-01-15','Office Mgr',0,'',NULL,NULL,'none',NULL,NULL,NULL,NULL,NULL,NULL,NULL,'Husband',NULL,NULL,NULL,NULL,1,NULL,'Father','M',1,'none','none','2019-05-02','none','GR Check  ef 6.8.18','2019-06-08 23:01:54'),(3562,'Jeffrey','R','Hill','M',NULL,'Churchville','NY','14428','',NULL,'585-586-8038','585-314-7221','1970-07-23','Packaging machine mechanic',0,'',NULL,NULL,'',NULL,NULL,NULL,NULL,NULL,NULL,NULL,'Mother',NULL,NULL,NULL,NULL,0,NULL,'Father','XL',1,'','','2019-05-03','','GR Check  ef 6.9.19','2019-06-09 07:25:18'),(3566,'Lisa','M','Lewis','F',NULL,'Canandaigua ','NY','14424','Lee',NULL,'585-586-9163','585-314-3323','1963-01-09','Clerk ',0,'',NULL,NULL,'None',NULL,NULL,NULL,NULL,NULL,NULL,NULL,'step mom ',NULL,NULL,NULL,NULL,1,NULL,'Father','XXXL',1,'','','2019-05-05','','GR Check  ef 6.9.19','2019-06-09 08:33:02'),(3567,'Payton','H','Davis','M',NULL,'Avon','NY','14414','',NULL,'585-586-3338','585-314-3953','2001-04-24','Dunkin\' worker',0,'',NULL,NULL,'',NULL,NULL,NULL,NULL,NULL,NULL,NULL,'Father',NULL,NULL,NULL,NULL,1,NULL,'My grandpa','L',1,'','','2019-05-05','','GR Check  ef 6.9.19','2019-06-09 13:01:00'),(3568,'Michael','H','Edwards','M',NULL,'Rochester','NY','14612','Michael',NULL,'585-586-7421','585-314-7974','1960-09-18','Used Car Director',0,'',NULL,NULL,'Rotary',NULL,NULL,NULL,NULL,NULL,NULL,NULL,'spouse',NULL,NULL,NULL,NULL,1,NULL,'Step Father','L',1,'','','2019-05-07','','GR Check  ef 6.9.19','2019-06-09 12:29:39'),(3570,'Leonard','C','Carter','M',NULL,'WEBSTER','NY','14580','Len',NULL,'585-586-9475','585-314-1123','1967-10-03','Teacher',0,'',NULL,NULL,'Boy Scouts of America',NULL,NULL,NULL,NULL,NULL,NULL,NULL,'Wife',NULL,NULL,NULL,NULL,1,NULL,'Father','XL',1,'','None','2019-05-07','None','GR Check  ef 6.8.19','2019-06-08 22:54:49'),(3571,'Joseph','J','Reed','M',NULL,'Favius','NY','13063','Joe',NULL,'585-586-5204','585-314-3228','1967-08-31','',0,'',NULL,NULL,'',NULL,NULL,NULL,NULL,NULL,NULL,NULL,'Wife',NULL,NULL,NULL,NULL,1,NULL,'Dad','XL',1,'EMT','None','2019-05-07','None','GR Check  ef 6.8.19','2019-06-08 21:28:14'),(3573,'Jeffrey','T','King','M',NULL,'Belfast','NY','14711','Jeff',NULL,'585-586-7741','585-314-3770','1971-05-04','Teacher',0,'',NULL,NULL,'None',NULL,NULL,NULL,NULL,NULL,NULL,NULL,'Wife',NULL,NULL,NULL,NULL,1,NULL,'Father','L',1,'CPR','None','2019-05-08','None','GR Check  ef 6.9.19','2019-06-09 07:43:46'),(3574,'Peter','J','Martinez','M',NULL,'Rochester','NY','14618','Peter',NULL,'585-586-5094','585-314-1675','1972-09-08','IT Security',0,'',NULL,NULL,'',NULL,NULL,NULL,NULL,NULL,NULL,NULL,'Wife',NULL,NULL,NULL,NULL,1,NULL,'Father','M',1,'','','2019-05-09','','GR Check  ef 6.9.19','2019-06-09 14:54:11'),(3575,'Shane','R','Collins','M',NULL,'Hilton','NY','14468','',NULL,'585-586-2250','585-314-7523','1973-12-31','Elevator Constructor',0,'',NULL,NULL,'Coach Monroe County hockey.  Boy Scout leader, and sunday school teacher',NULL,NULL,NULL,NULL,NULL,NULL,NULL,'Wife',NULL,NULL,NULL,NULL,1,NULL,'Father','XXL',1,'CPR/First Aid','','2019-05-05','','ef  05-09-2019\r\nGR Check  ef 6.8.19','2019-06-08 22:56:36'),(3577,'Lea ','K','Wilson','F',NULL,'Pittsford','NY','14534','',NULL,'585-586-4967','585-314-1120','1975-06-13','admin assistant',0,'',NULL,NULL,'',NULL,NULL,NULL,NULL,NULL,NULL,NULL,'spouse',NULL,NULL,NULL,NULL,1,NULL,'father','M',1,'none','none','2019-05-09','none','GR Check  ef 6.9.19','2019-06-09 12:31:04'),(3579,'Jeffery','A','Ward','M',NULL,'Williamson','NY','14589','',NULL,'585-586-8986','585-314-1029','1969-11-23','Teacher',0,'',NULL,NULL,'none',NULL,NULL,NULL,NULL,NULL,NULL,NULL,'Wife',NULL,NULL,NULL,NULL,1,NULL,'Father','L',1,'First aid CPR','','2019-05-10','','GR Check  ef 6.9.19','2019-06-09 12:33:17'),(3580,'Thomas','E','Clark','M',NULL,'Wayland','NY','14572','',NULL,'585-586-3542','585-314-1785','1961-08-09','Machinist',0,'',NULL,NULL,'28 years volunteer  firefighter, fire investigator and certified first responder all for NY state.',NULL,NULL,NULL,NULL,NULL,NULL,NULL,'Brother',NULL,NULL,NULL,NULL,1,NULL,'Father in Law','L',1,'CPR','None','2019-05-11','None','GR Check  ef 6.8.19','2019-06-08 15:02:30'),(3581,'Matthew','C','Evans','M',NULL,'Brattleboro','VT','05301','Matt',NULL,'585-586-8443','585-314-5839','1972-12-23','Supervisor',0,'',NULL,NULL,'I\'m a team leader at my job',NULL,NULL,NULL,NULL,NULL,NULL,NULL,'Mom',NULL,NULL,NULL,NULL,1,NULL,'Dad','L',1,'CPR, First Aid trained for his job','None','2019-05-13','None','GR Check  ef 6/8/19','2019-06-08 15:36:27'),(3584,'John','T','Allen','M',NULL,'East Aurora','NY','14052','',NULL,'585-586-4594','585-314-5844','1956-01-05','Engineer',0,'',NULL,NULL,'',NULL,NULL,NULL,NULL,NULL,NULL,NULL,'Spouse',NULL,NULL,NULL,NULL,1,NULL,'Father','L',1,'','','2019-05-15','','GR Check  ef 6.8.19','2019-06-08 22:40:35'),(3585,'Chad','M','Rodriguez','M',NULL,'Hanover','NH','03755','1',NULL,'585-586-6640','585-314-2701','1963-04-11','Integrated Circuit Layout Engineering Specialist',0,'',NULL,NULL,'First Aider and Emergency Responder',NULL,NULL,NULL,NULL,NULL,NULL,NULL,'Wife',NULL,NULL,NULL,NULL,0,NULL,'Father','L',1,'CPR and Defibrillator','Knees hurt.','2019-05-15','none','GR Check  ef 6.10.19','2019-06-10 11:19:25'),(3588,'Karen','M','Walker','F',NULL,'Rochester','NY','14613','Karen',NULL,'585-586-1419','585-314-4975','1971-10-17','Sr. Lecturer, Chemist',0,'',NULL,NULL,'With Honor Flight, none.  I help my parents at the Legion when i can.',NULL,NULL,NULL,NULL,NULL,NULL,NULL,'Husband',NULL,NULL,NULL,NULL,1,NULL,'Father','XXL',1,'NA','no.  Not at the moment.  I have digestive issues (Gastroparesis) but i am pretty good at keeping this in check.  I am also diabetic, but again, ok with maintenance.  ','2019-05-21','I am allergic to Eggs (sores on my head), Shellfish (throw up) and Pineapple (anaphylactic).\r\nI have a limited, simple diet that i can control while traveling. I may need extra water.','GR Check  ef 6.8.19','2019-06-08 17:09:34'),(3597,'David','B','Howard','M',NULL,'Rochester','NY','14610','Raz',NULL,'585-586-5173','585-314-7775','1959-09-01','Merchandising Employee',1,'US Coast Guard 77-81 Actuve\r\nNYS National Guard 83-85 - Reserve\r\nArmy Reserves 75-88 ',NULL,NULL,'HF  62-63-64\r\nRed Cross, Platelet Donor, Cancer Society (Photo) ,,Diabetes , Bike Rider etc.',NULL,NULL,NULL,NULL,NULL,NULL,NULL,'Wife',NULL,NULL,NULL,NULL,0,NULL,'','S',1,'NY State EMT (2003-2009)','','2019-05-25','','ef  5.28.19\r\nGR Check ef  6.10.19','2019-06-10 17:07:24'),(3598,'Kerry','A','Rogers','F',NULL,'Pittsburgh','PA','15217','',NULL,'585-586-3612','585-314-5949','1974-11-06','Health Policy Research',0,'',NULL,NULL,'n/a',NULL,NULL,NULL,NULL,NULL,NULL,NULL,'spouse',NULL,NULL,NULL,NULL,1,NULL,'Terry is my dad','M',1,'n/a','n/a','2019-05-30','n/a','GR Check  ef 6.10.19','2019-06-10 11:21:30'),(3599,'William','P','Jones','M',NULL,'Rochester','NY','14609','Bill',NULL,'585-586-2542','585-314-6423','1949-03-29','Retired',1,'Army  Fort Sill OK  Vietnam',NULL,NULL,'Events and welcome home from Missions',NULL,NULL,NULL,NULL,NULL,NULL,NULL,'Spouse',NULL,NULL,NULL,NULL,0,NULL,'Solo','XXL',1,'','','2019-06-03','','ef  6.3.19\r\nGR Check  ef 6.8.19','2019-06-08 16:40:25'),(3601,'Ronald','J','Hall','M',NULL,'Rochester','NY','14616','Ron',NULL,'585-586-1874','585-314-5270','1965-03-14','Auto Sales',1,'Army, 1987-1991, Germany and U.S.A',NULL,NULL,'None',NULL,NULL,NULL,NULL,NULL,NULL,NULL,'Girlfriend',NULL,NULL,NULL,NULL,1,NULL,'Father','XL',1,'First Aid / CPR','None','2019-06-04','None','GR Check  ef 6.8.19','2019-06-08 23:16:24'),(3602,'Keith','R','Garcia','M',NULL,'RUSH','NY','14543','Keith',NULL,'585-586-1743','585-314-7080','1959-12-03',' Carpenter',0,'',NULL,NULL,'Scouts, t ball, Sunday school teacher, soccer coach, city school district helper.',NULL,NULL,NULL,NULL,NULL,NULL,NULL,'Son',NULL,NULL,NULL,NULL,1,NULL,'Father','L',1,'I am fully proficient with all size Band-Aids and I am an expert at removing slivers.','None','2019-06-04','None','GR Check  ef 6.8.19','2019-06-08 23:09:27'),(3603,'Scott','H','Williams','M',NULL,'Fairport','NY','14450','',NULL,'585-586-3094','585-314-1593','1961-01-15','Sales Representative',0,'',NULL,NULL,'',NULL,NULL,NULL,NULL,NULL,NULL,NULL,'Wife',NULL,NULL,NULL,NULL,1,NULL,'Father','L',1,'','','2019-06-04','','GR Check  ef 6.9.19','2019-06-09 12:34:39'),(3606,'Eric','B','Wright','M',NULL,'Rochester','NY','14616','Eric',NULL,'585-586-1243','585-314-4724','1971-03-22','US Army',1,'US Army, US Navy',NULL,NULL,'None',NULL,NULL,NULL,NULL,NULL,NULL,NULL,'Mother',NULL,NULL,NULL,NULL,1,NULL,'Father','L',1,'Combat life saving','None','2019-06-07','None','GR Check  ef 6.8.19','2019-06-08 20:39:18'),(3714,'Jaimain','J','Bright','M',NULL,'Rochester','NY','14605','Jay',NULL,'585-586-5931','585-314-8446','1968-08-28','Barber',1,' Usmc 86-90 ',NULL,NULL,'',NULL,NULL,NULL,NULL,NULL,NULL,NULL,'Sister',NULL,NULL,NULL,NULL,1,NULL,'Great Uncle','XXXL',1,'Cpr','None','2019-08-15','None','GR Check  ef 9.3.19','2019-09-03 08:25:21'),(3723,'Melissa','K','Battle','F',NULL,'Fairport','NY','14450','',NULL,'585-586-7928','585-314-8048','1967-09-13','Nanny',0,'',NULL,NULL,'',NULL,NULL,NULL,NULL,NULL,NULL,NULL,'Spouse',NULL,NULL,NULL,NULL,1,NULL,'Father','XL',1,'','','2019-08-18','','GR Check  ef 9.3.16','2019-09-03 15:36:37'),(3726,'William','A','Able','M',NULL,'Fairport','NY','14450','Bill',NULL,'585-586-3849','585-314-1710','1961-10-02','Debt Collector',1,'USMC 1981-1986 Camp Pendelton, CA; Iwakuni Japan; Albany GA',NULL,NULL,'',NULL,NULL,NULL,NULL,NULL,NULL,NULL,'Mother',NULL,NULL,NULL,NULL,1,NULL,'Father','L',1,'','','2019-08-19','','GR Check  ef 9/2/19','2019-09-02 23:44:43'),(3810,'Steve','J','Adams','M',NULL,'ONTARIO','NY','14519','Steve',NULL,'585-586-4461','585-314-2405','1974-05-03','IT ANALYST',1,'USMC, 1992 -1996 SOMALIA\r\nUSAF RETIRED 1996 -2012 ORF /OIF',NULL,NULL,'NONE',NULL,NULL,NULL,NULL,NULL,NULL,NULL,'SPOUSE',NULL,NULL,NULL,NULL,1,NULL,'UNCLE','XL',1,'NONE','NONE','2019-09-23','NO DAIRY','GR Check  ef 9.24.19','2019-09-24 09:21:36'),(9999,'Karen',NULL,'Zello','F',NULL,'Penfield','NY','14526','Karen',NULL,'585-555-1212','585-314-5555',NULL,NULL,NULL,NULL,NULL,NULL,NULL,NULL,NULL,NULL,NULL,NULL,NULL,NULL,NULL,NULL,NULL,NULL,NULL,NULL,NULL,NULL,NULL,NULL,NULL,NULL,NULL,NULL,NULL,NULL);
/*!40000 ALTER TABLE `guardian` ENABLE KEYS */;
UNLOCK TABLES;

--
-- Table structure for table `mission`
--

DROP TABLE IF EXISTS `mission`;
/*!40101 SET @saved_cs_client     = @@character_set_client */;
/*!50503 SET character_set_client = utf8mb4 */;
CREATE TABLE `mission` (
  `mission_id` int unsigned NOT NULL AUTO_INCREMENT,
  `title` varchar(45) DEFAULT NULL,
  `flight_num` varchar(45) DEFAULT NULL,
  `show_on_front` tinyint(1) DEFAULT '1',
  `start_date` date DEFAULT NULL,
  `end_date` date DEFAULT NULL,
  PRIMARY KEY (`mission_id`)
) ENGINE=InnoDB AUTO_INCREMENT=77 DEFAULT CHARSET=utf8 COMMENT='A mission is considered one flight down the DC.';
/*!40101 SET character_set_client = @saved_cs_client */;

--
-- Dumping data for table `mission`
--

LOCK TABLES `mission` WRITE;
/*!40000 ALTER TABLE `mission` DISABLE KEYS */;
INSERT INTO `mission` VALUES (67,'Mission 67','',0,'2019-09-07','2019-09-08'),(68,'Mission 65','',0,'2019-05-04','2019-05-05'),(69,'Mission 66','',0,'2019-06-15','2019-06-16'),(70,'Mission 68','',0,'2019-09-28','2019-09-29');
/*!40000 ALTER TABLE `mission` ENABLE KEYS */;
UNLOCK TABLES;

--
-- Table structure for table `team`
--

DROP TABLE IF EXISTS `team`;
/*!40101 SET @saved_cs_client     = @@character_set_client */;
/*!50503 SET character_set_client = utf8mb4 */;
CREATE TABLE `team` (
  `team_id` int unsigned NOT NULL AUTO_INCREMENT,
  `mission_id` int unsigned NOT NULL,
  `bus_id` int unsigned DEFAULT NULL,
  `leader_id` int unsigned DEFAULT NULL,
  `hs_id` int unsigned DEFAULT NULL,
  `color` varchar(45) DEFAULT NULL,
  PRIMARY KEY (`team_id`),
  KEY `bus_team_fk` (`bus_id`),
  KEY `leader_team_fk` (`leader_id`),
  KEY `hs_team_fk` (`hs_id`),
  KEY `mission_team_fk` (`mission_id`),
  CONSTRAINT `bus_team_fk` FOREIGN KEY (`bus_id`) REFERENCES `bus` (`bus_id`) ON DELETE SET NULL ON UPDATE CASCADE,
  CONSTRAINT `hs_team_fk` FOREIGN KEY (`hs_id`) REFERENCES `guardian` (`guardian_id`) ON DELETE CASCADE ON UPDATE CASCADE,
  CONSTRAINT `leader_team_fk` FOREIGN KEY (`leader_id`) REFERENCES `guardian` (`guardian_id`) ON DELETE CASCADE ON UPDATE CASCADE,
  CONSTRAINT `mission_team_fk` FOREIGN KEY (`mission_id`) REFERENCES `mission` (`mission_id`) ON DELETE CASCADE ON UPDATE CASCADE
) ENGINE=InnoDB AUTO_INCREMENT=527 DEFAULT CHARSET=utf8;
/*!40101 SET character_set_client = @saved_cs_client */;

--
-- Dumping data for table `team`
--

LOCK TABLES `team` WRITE;
/*!40000 ALTER TABLE `team` DISABLE KEYS */;
INSERT INTO `team` VALUES (440,67,NULL,NULL,NULL,'Blue'),(441,67,NULL,NULL,NULL,'Purple'),(442,67,NULL,NULL,NULL,'Red'),(443,67,NULL,NULL,NULL,'Green'),(444,67,NULL,NULL,NULL,'Yellow'),(445,67,NULL,NULL,NULL,'Orange'),(446,67,NULL,NULL,NULL,'Silver'),(447,67,NULL,NULL,NULL,'Gold'),(448,68,NULL,NULL,NULL,'Blue'),(449,68,NULL,NULL,NULL,'Purple'),(450,68,NULL,NULL,NULL,'Red'),(451,68,NULL,NULL,NULL,'Green'),(452,68,NULL,NULL,NULL,'Yellow'),(453,68,NULL,NULL,NULL,'Orange'),(454,68,NULL,NULL,NULL,'Silver'),(455,68,NULL,NULL,NULL,'Gold'),(456,69,NULL,NULL,NULL,'Blue'),(457,69,NULL,NULL,NULL,'Purple'),(458,69,NULL,NULL,NULL,'Red'),(459,69,NULL,NULL,NULL,'Green'),(460,69,NULL,NULL,NULL,'Yellow'),(461,69,NULL,NULL,NULL,'Orange'),(462,69,NULL,NULL,NULL,'Silver'),(463,69,NULL,NULL,NULL,'Gold'),(464,70,NULL,NULL,NULL,'Blue'),(465,70,NULL,NULL,NULL,'Purple'),(466,70,NULL,NULL,NULL,'Red'),(467,70,NULL,NULL,NULL,'Green'),(468,70,NULL,NULL,NULL,'Yellow'),(469,70,NULL,NULL,NULL,'Orange'),(470,70,NULL,NULL,NULL,'Silver'),(471,70,NULL,NULL,NULL,'Gold'),(520,70,NULL,NULL,NULL,'Teal');
/*!40000 ALTER TABLE `team` ENABLE KEYS */;
UNLOCK TABLES;

--
-- Table structure for table `veteran`
--

DROP TABLE IF EXISTS `veteran`;
/*!40101 SET @saved_cs_client     = @@character_set_client */;
/*!50503 SET character_set_client = utf8mb4 */;
CREATE TABLE `veteran` (
  `veteran_id` int unsigned NOT NULL AUTO_INCREMENT,
  `guardian_id` int unsigned DEFAULT NULL,
  `guardian_relation` varchar(45) DEFAULT NULL,
  `team_id` int unsigned DEFAULT NULL,
  `mission_id` int unsigned DEFAULT NULL,
  `bus_id` int unsigned DEFAULT NULL,
  `first_name` varchar(255) DEFAULT NULL,
  `middle_initial` varchar(45) DEFAULT NULL,
  `last_name` varchar(255) DEFAULT NULL,
  `nickname` varchar(255) DEFAULT NULL,
  `gender` varchar(45) DEFAULT NULL,
  `address` varchar(255) DEFAULT NULL,
  `city` varchar(255) DEFAULT NULL,
  `state` varchar(255) DEFAULT NULL,
  `zip` varchar(45) DEFAULT NULL,
  `email` varchar(255) DEFAULT NULL,
  `day_phone` varchar(45) DEFAULT NULL,
  `cell_phone` varchar(45) DEFAULT NULL,
  `dob` date DEFAULT NULL,
  `weight` int DEFAULT NULL,
  `how_heard` tinytext,
  `shirt_size` varchar(45) DEFAULT NULL,
  `alt_name` varchar(255) DEFAULT NULL,
  `alt_phone` varchar(45) DEFAULT NULL,
  `alt_email` varchar(255) DEFAULT NULL,
  `alt_relationship` varchar(45) DEFAULT NULL,
  `emergency_name` varchar(255) DEFAULT NULL,
  `emergency_relationship` varchar(45) DEFAULT NULL,
  `emergency_address` varchar(255) DEFAULT NULL,
  `emergency_day_phone` varchar(45) DEFAULT NULL,
  `emergency_cell_phone` varchar(45) DEFAULT NULL,
  `service_branch` varchar(255) DEFAULT NULL,
  `service_rank` varchar(255) DEFAULT NULL,
  `service_years` varchar(50) DEFAULT NULL,
  `service_ww2` tinyint(1) DEFAULT NULL,
  `service_korea` tinyint(1) DEFAULT NULL,
  `service_cold_war` tinyint(1) DEFAULT NULL,
  `service_vietnam` tinyint(1) DEFAULT NULL,
  `service_activity` text COMMENT 'Activity During War',
  `med_cane` tinyint(1) DEFAULT NULL,
  `med_walker` tinyint(1) DEFAULT NULL,
  `med_wheelchair` tinyint(1) DEFAULT NULL,
  `med_chair_loc` varchar(255) DEFAULT NULL,
  `med_scooter` tinyint(1) DEFAULT NULL,
  `med_when_use` text COMMENT 'Please describe when you use mobility equipment',
  `med_list` text COMMENT 'Medication List  (name and how often you use each)',
  `med_emphysema` tinyint(1) DEFAULT NULL,
  `med_falls` tinyint(1) DEFAULT NULL,
  `med_heart_disease` tinyint(1) DEFAULT NULL,
  `med_pacemaker` tinyint(1) DEFAULT NULL,
  `med_joint_replacement` tinyint(1) DEFAULT NULL,
  `med_kidney` tinyint(1) DEFAULT NULL,
  `med_diabetes` tinyint(1) DEFAULT NULL,
  `med_seizures` tinyint(1) DEFAULT NULL,
  `med_urostomy` tinyint(1) DEFAULT NULL,
  `med_dimentia` tinyint(1) DEFAULT NULL,
  `med_nebulizer` tinyint(1) DEFAULT NULL,
  `med_oxygen` tinyint(1) DEFAULT NULL,
  `med_football` tinyint(1) DEFAULT NULL COMMENT 'Problem walking length of football field?',
  `med_walk_bus_steps` tinyint(1) DEFAULT NULL,
  `med_stroke` tinyint(1) DEFAULT NULL,
  `med_urinary` tinyint(1) DEFAULT NULL,
  `med_cpap` tinyint(1) DEFAULT NULL,
  `med_flow_rate` text,
  `med_others` text,
  `med_use_mobility` tinyint(1) DEFAULT NULL,
  `add_other_vets` tinyint(1) DEFAULT NULL COMMENT 'Are there other veterans you want to travel with?',
  `add_vet_names` tinytext,
  `add_specific_guardian` varchar(45) DEFAULT NULL,
  `guardian_phone` varchar(45) DEFAULT NULL,
  `add_comments` text,
  `med_code` varchar(45) DEFAULT NULL COMMENT 'Color representing medical condition',
  `app_date` date DEFAULT NULL,
  `diet_restrictions` varchar(255) DEFAULT NULL,
  `admin_comments` text,
  `last_updated` datetime DEFAULT NULL,
  PRIMARY KEY (`veteran_id`),
  KEY `guardian_veteran_fk` (`guardian_id`),
  KEY `team_veteran_fk` (`team_id`),
  KEY `mission_vet_fk` (`mission_id`),
  KEY `bus_bet_fk` (`bus_id`),
  CONSTRAINT `bus_bet_fk` FOREIGN KEY (`bus_id`) REFERENCES `bus` (`bus_id`) ON DELETE SET NULL ON UPDATE CASCADE,
  CONSTRAINT `guardian_veteran_fk` FOREIGN KEY (`guardian_id`) REFERENCES `guardian` (`guardian_id`) ON DELETE SET NULL ON UPDATE CASCADE,
  CONSTRAINT `mission_vet_fk` FOREIGN KEY (`mission_id`) REFERENCES `mission` (`mission_id`) ON DELETE SET NULL ON UPDATE CASCADE,
  CONSTRAINT `team_veteran_fk` FOREIGN KEY (`team_id`) REFERENCES `team` (`team_id`) ON DELETE SET NULL ON UPDATE CASCADE
) ENGINE=InnoDB AUTO_INCREMENT=7492 DEFAULT CHARSET=utf8;
/*!40101 SET character_set_client = @saved_cs_client */;

--
-- Dumping data for table `veteran`
--

LOCK TABLES `veteran` WRITE;
/*!40000 ALTER TABLE `veteran` DISABLE KEYS */;
INSERT INTO `veteran` VALUES (3700,3810,'Niece daughter husband',NULL,70,NULL,'Theodore','E','Adams','','M',NULL,'Rushville','NY','14544',NULL,'585-377-6895','585-317-4229','1946-07-26',196,NULL,'S',NULL,NULL,NULL,'son','Ted ','Son',NULL,NULL,NULL,'army','sp5--E5','Feb \"64 to Feb \"67',0,0,0,1,'forward observer battalion mortar. Korea, Then personal specialist stateside for all recruits entering basic training  Ft. Benning, GA',0,0,0,'Curb',0,'don\'t need any yet','Losartin 50mg, hydrochloithorizde, Cardvedilol, aspirin, isosorbibe all daily, nitro as needed',0,0,1,0,0,0,0,0,0,0,0,0,0,0,0,0,0,'','bulging lumbar disk with arthritus symtoms',0,NULL,NULL,NULL,NULL,'','Yellow','2016-03-22','low carb, organic, no salt, sugar, shortening, flour, processed foods, restaurant food, or fast foods','VR Check  ef 9.24.19','2019-09-24 16:19:49'),(4459,3463,'Son',NULL,68,NULL,'Richard','A','West','Dick','M',NULL,'Marion','NY','14505',NULL,'585-377-2621','585-317-6013','1941-02-04',165,NULL,'L',NULL,NULL,NULL,'Son','Christopher ','Son',NULL,NULL,NULL,'Army','SPC','Cold War, Viet Nam',0,0,1,1,'Radio Communications',0,0,0,'',0,'NONE','',0,0,0,0,0,0,0,0,0,0,0,0,0,0,0,0,0,'NONE','',0,NULL,NULL,NULL,NULL,'','','2016-12-20','NONE','VR Check   ef 4.30.19','2019-04-30 09:44:53'),(4489,2480,'Son',NULL,69,NULL,'Gary','W','Adams','','M',NULL,'Geneseo','NY','14454',NULL,'585-377-7625','585-317-8382','1937-05-11',160,NULL,'M',NULL,NULL,NULL,'Son','Norma ','Wife',NULL,NULL,NULL,'Marine Corp','Sgt','4 years',0,0,1,0,'Aviation Mech.  Crew chief on R4D Transport.',0,1,1,'',0,'','Tylenol\r\nCymbalta\r\ngahapentin',0,0,0,0,0,0,0,0,0,0,0,0,0,1,0,0,0,'','Allergies:  Pravastatin\r\n\r\n',1,NULL,NULL,NULL,NULL,'','','2017-01-15','','VR Check  ef 5.24.19','2019-05-24 22:33:08'),(4675,3555,'Son',NULL,69,NULL,'William','D','Scott','Bill','M',NULL,'Rochester','NY','14610',NULL,'585-377-1344','585-317-5874','1934-04-02',150,NULL,'M',NULL,NULL,NULL,'spouse','Mary ','spouse',NULL,NULL,NULL,'Air Force','1st Lt','1956-1959',0,0,1,0,'T-93 pilot',0,0,0,'',0,'','Atorvastatin\r\nCartia xt\r\nDonepezil\r\nFluzone high-dose\r\nLisinopril\r\nMultivitamin\r\nPotassium chloride\r\nRivaroxaban\r\nTamsulosin\r\ntorsemide\r\n',0,0,0,0,0,0,0,0,0,0,0,0,0,1,0,0,0,'','',0,NULL,NULL,NULL,NULL,'','','2017-04-06','','VR Check  ef 6.3.19','2019-06-03 14:35:33'),(4778,2647,'daughter',NULL,69,NULL,'Alan','L','Thomas','Al','M',NULL,'Webster','NV','14580',NULL,'585-377-1841','585-317-4222','1943-04-08',160,NULL,'M',NULL,NULL,NULL,'spouse','Kathleen ','spouse',NULL,NULL,NULL,'Navy','ATN 2','4 years',0,0,1,1,'USS Independence. VA 86',0,0,0,'',0,'','Caridopa/levodopa\r\nDonepezil\r\nOmeprazole\r\nAtorvastatin\r\nClonzepam',0,0,0,0,0,0,0,0,0,0,0,0,0,1,0,0,0,'','parkinsons',0,NULL,NULL,NULL,NULL,'','','2017-05-26','','VR Check  ef 6.3.19','2019-06-03 15:07:42'),(4832,3535,'son',NULL,69,NULL,'Robert','M','Cooper','Bob','M',NULL,'Rochester','NY','14616',NULL,'585-377-5173','585-317-3488','1943-08-23',295,NULL,'XXXL',NULL,NULL,NULL,'','Lynn ','wife',NULL,NULL,NULL,'USAF','S/SGT','1966-1970',0,0,1,1,'I served at Otis AFB, Ma. and Ft Yukon AFS. I did not serve in combat so that might disqualify me.',1,0,0,'',0,'','',0,0,1,0,1,0,1,0,0,0,0,0,0,1,0,0,1,'','',1,NULL,NULL,NULL,NULL,'','','2017-07-03','','VR Check  ef 6.1.19','2019-06-01 16:38:47'),(4874,3567,'Grandson',NULL,69,NULL,'Frank','','Davis','Butch','M',NULL,'Lake Worth','FL','33463',NULL,'585-377-2347','585-317-4774','1939-08-27',175,NULL,'L',NULL,NULL,NULL,'Wife','Nancy ','Wife',NULL,NULL,NULL,'US Army','Pfc','2',0,0,1,0,'Quartermaster, Company clerk, Honor guard, property warehouse',0,0,0,'',0,'','',0,0,1,0,0,0,0,0,0,0,0,0,0,1,0,0,0,'','',0,NULL,NULL,NULL,NULL,'','','2017-07-11','','VR Check  ef 6.1.19','2019-06-01 16:43:52'),(4875,3513,'Grandson',NULL,69,NULL,'Daniel','F','Taylor','Dan','M',NULL,'Geneseo','NY','14454',NULL,'585-377-5215','585-317-4409','1939-07-27',235,NULL,'XL',NULL,NULL,NULL,'Daughter','Lisa ','Daughter',NULL,NULL,NULL,'US Army','SP 4','1958-1960',0,0,1,0,'Military Police',0,0,0,'',0,'','Tamsulosin\r\nFinasteride\r\nAspirin\r\nClopidogrel\r\nLisinopril\r\nEzetimibe\r\nMetoprolol',0,0,0,0,0,0,0,0,0,0,0,0,0,1,0,0,0,'','',0,NULL,NULL,NULL,NULL,'','','2017-07-11','','VR Check  ef 6.3.19','2019-06-03 14:56:05'),(4877,3508,'Grandson',NULL,69,NULL,'Robert ','L','Martin','Bob','M',NULL,'Rochester ','NY','14612',NULL,'585-377-1036','585-317-7724','1942-06-01',245,NULL,'XL',NULL,NULL,NULL,'daughter','Mary ','wife ',NULL,NULL,NULL,'Air Force','E-3','1960-1964',0,0,1,0,'Air Craft Carrier tech',0,0,1,'',1,'Long distance walking','Cardiac meds, stroke, daily',0,0,1,1,0,0,0,0,0,0,0,0,1,1,1,0,0,'','Circulation in legs\r\nAllergic - penicillin',1,NULL,NULL,NULL,NULL,'','','2017-07-13','No','VR Check  ef 6.1.19','2019-06-01 22:37:54'),(4895,3496,'Daughter',NULL,69,NULL,'John','S','Lopez','','M',NULL,'VICTOR','NY','14564',NULL,'585-377-7532','585-317-7393','1935-05-07',243,NULL,'XXXL',NULL,NULL,NULL,'WIFE','Mitch ','Daughter\'s Fiancee',NULL,NULL,NULL,'US NAVY','ET 3','1956-1960',0,0,1,0,'WENT TO ET SCHOOL AND SERVED ABORD THE USS LEARY\r\nDDR879 FOR THREE YEARS. Repair communications equipment aboard a destroyer  radar picket',0,0,0,'',1,'when I have to walk more than 75 feet','Allopurinol 100 MG     1 AM  1PM    Asprin 81 MG   1 PM \r\nAripiprazole 5MG        1 AM  -----     Atorvastatin 20MG  1 Supper\r\n    CPAP Machine            PM               Baclofen 10MG   3 times \r\nCarvedilol 6.25 MG   2 times daily  Vitamin D  1 tab  Ferrous sulfate 1 daily  Beo Inhaler 1 Puff Daily   Glipizide - Metformin 2 Times daily, Hydrocodon 3 times daily, Omeprazole 2 times daily, Oxybutynin 2 times daily, Oxygen PM only, Miralax once daily, Lyrica  3 times daily, Terazosin 1 daily, Torsemide 1 daily, Ursodiol 2 times daily, Venlafaxine 3 Daily\r\n                                                                                                                                                                                                                                                     \r\n\r\n\r\n\r\n\r\n\r\n\r\n\r\n\r\n                 \r\n\r\n    ',1,0,0,0,0,0,1,0,0,0,1,1,1,1,0,0,1,'JUST AT NIGHT TIME 2','Allergic:  Colchicine',1,NULL,NULL,NULL,NULL,'','','2017-07-17','none','VR Check  ef 6.1.19','2019-06-01 22:29:12'),(4921,3530,'Friend',NULL,69,NULL,'John','J','Cook','','M',NULL,'Macedon','NY','14502',NULL,'585-377-7556','585-317-4797','1936-08-31',170,NULL,'L',NULL,NULL,NULL,'Spouse','Shirlene ','Wife',NULL,NULL,NULL,'USAF','MSgt E7','22 1/2 years',0,0,1,1,'2 tours Vietnam, 66 & 69. Independent Duty Med Tech',0,0,0,'',0,'','',1,0,0,0,0,0,0,0,0,0,0,0,0,0,0,0,0,'','',0,NULL,NULL,NULL,NULL,'','','2017-07-31','','VR Check  ef 6.1.19','2019-06-01 16:11:29'),(4922,3522,'Granddaughter',NULL,69,NULL,'Lanny','S.','Bell','Lanny','M',NULL,'Dansville','NY','14437',NULL,'585-377-6186','585-317-1805','1941-04-16',204,NULL,'XL',NULL,NULL,NULL,'Daughter','Mary ','Wife',NULL,NULL,NULL,'Air Force','Airman First Class','1961-1964',0,0,1,0,'Voice Intercept Processing Specialist',0,0,0,'',0,'','Magnesium Oxide 400 mg BID\r\nTrazadone 50 mg 3 tabs every HS\r\nAmlodipine10 mg daily\r\nHydrochlorothiazide 12.5 mg daily\r\nDonepezil10 mg daily\r\nAspirin 325 mg daily\r\nPravastatin 40 mg every day\r\nOmeprazole BID\r\nTylenol Ext Str 500 mg , 2 tabs BID\r\n',0,1,0,0,0,0,0,0,0,1,0,0,0,1,1,1,0,'','Allergic - Morphine',0,NULL,NULL,NULL,NULL,'','','2017-08-01','','VR Check  ef 6.1.19','2019-06-01 14:21:33'),(4976,3541,'Friend',NULL,69,NULL,'James','L.','Green','Jim','M',NULL,'Spencerport','NY','14559',NULL,'585-377-8263','585-317-3633','1938-07-21',219,NULL,'XL',NULL,NULL,NULL,'wife','Barbara ','wife',NULL,NULL,NULL,'US Navy','MM3','6 years',0,0,1,0,'Machinist Mate on the USS Saratoga CVA 60.',1,0,0,'',0,'The cane is not for mobility, I have impaired vision.','Lantus Solostar-50 units daily; Novolog FlexPen- 5 units before each meal; Metformin 500 mg-3 tablets in evening; Tylenol 8 HR 650 mg-2 tablets in morning; Atorvasttin 10 mg-1 tablet in morning; Losartan Potassium 100 mg-1 tablet in morning; Tamsulosin HCL 0.4 mg-2 tablets at bedtime; Glipizide 5 mg-2 tablets in morning and 2 tablets in evening; Omeprazole DR 20 mg-1 tablet in morning; Amlopidine Besylate 5mg-1 tablet in morning; Instaflex (Glucosamine)-2 capsules in morning and 1 tablet in evening; Chlorthalidone 25 mg-1 tablet in morning; Aspirin 81 mg-1 tablet in morning; Lutein 20 mg with Zeaxanthin-1 capsule in morning',0,0,0,0,1,0,1,0,0,0,0,0,0,1,0,0,0,'','Tramadol - difficult to urinate\r\nMeloxicam - itching',0,NULL,NULL,NULL,NULL,'','','2017-08-07','low sugar; low salt','VR Check  ef 6.1.19','2019-06-01 21:13:04'),(4979,2733,'Daughter ',NULL,69,NULL,'James','A.','Campbell','Jim','M',NULL,'Rochester','NY','14624',NULL,'585-377-4760','585-317-3751','1941-11-13',190,NULL,'L',NULL,NULL,NULL,'Daughter','Jeff ','Son in law',NULL,NULL,NULL,'Navy','E5','Cold War, Viet Nam',0,0,1,1,'SFM: sheet metal, ship fitter 2nd class damage control',0,0,0,'',0,'','Atorvastatin, 1 time daily, atenolol,1 time daily, lispinopril, 2 times daily, aspirin, 1 time daily, furosemide, 1 time daily',0,0,0,0,0,0,0,0,0,0,0,0,0,1,0,0,0,'','',0,NULL,NULL,NULL,NULL,'','','2017-08-11','No','VR Check  ef 6.1.19','2019-06-01 15:18:19'),(5034,3571,'Son',NULL,69,NULL,'Arthur','J','Reed','Art','M',NULL,'Sodus Point','NY','14555',NULL,'585-377-8009','585-317-7859','1943-01-29',215,NULL,'XL',NULL,NULL,NULL,'spouse','Virginia ','Spouse',NULL,NULL,NULL,'Navy','E-4   PO 3','6 years - 4 years active',0,0,1,0,'Interior Communications Electrician',0,0,0,'',0,'','Tamsulosin 0.4mg 1/day, Allopurinol 300mg 1/day,Doxycycline Hyclate50mg 1/day\r\nVit D\r\nMeclizine HCI',0,0,0,0,0,0,0,0,0,0,0,0,0,0,0,0,0,'','Colon removed, need hydration.\r\nAllergic - Zithromax',0,NULL,NULL,NULL,NULL,'Unable to travel until June 2018','','2017-09-18','No seafood','VR Check  ef 6.3.19','2019-06-03 11:56:35'),(5077,3597,'Solo guardian',NULL,69,NULL,'Ronald','G','Howard','Ron','M',NULL,'Fairport','NY','14450',NULL,'585-377-7769','585-317-1043','1948-03-28',245,NULL,'XXL',NULL,NULL,NULL,'daughter','Meghan ','Daughter',NULL,NULL,NULL,'Air Force','SGT','4',0,0,1,0,'Administrative Specialist',1,0,0,'',0,'For long distances','Albuterol-90mcg\r\nAtenolol-50mg\r\nChlorthalidone-25mg\r\nGlipizide-5mg tab\r\nMetformin-Hcl 500mg\r\nOmeprazole-20mg\r\nSimvastatin-40mg\r\nAccucheck Aviva Plus Glucose Test Strip',1,0,0,0,0,0,1,0,0,0,1,0,0,1,0,0,0,'','',1,NULL,NULL,NULL,NULL,'','','2017-08-10','Type 2 Diabetic','VR Check  ef 6.7.19','2019-06-07 10:45:01'),(5092,3545,'son',NULL,68,NULL,'William','J','Wan','Bill','M',NULL,'Rochester','NY','14626',NULL,'585-377-5821','585-317-8636','1936-04-09',182,NULL,'L',NULL,NULL,NULL,'Wife','Lynn ','Wife',NULL,NULL,NULL,'Army','PFC','23 Months',0,0,1,0,'Linotype operator/proofreader',0,0,0,'',0,'None','Nexium--2 a day\r\nLisinopril/HCTZ--1 a day\r\nPravastatin--1 a day\r\nAlendronate--1 per week\r\nCaltrate--2 per day\r\nCetrizine--1 per day\r\nFiber dummies--5 per day\r\nAspirin--1 per day',0,0,0,0,0,0,0,0,0,0,0,0,0,0,0,0,0,'','',0,NULL,NULL,NULL,NULL,'','','2017-10-23','None','VR Check  ef 4.29.19','2019-04-29 23:26:29'),(5093,2853,'Daughter',NULL,69,NULL,'Charles','F','Parker','Chuck','M',NULL,'Rochester','NY','14606',NULL,'585-377-5796','585-317-4055','1943-03-13',300,NULL,'XXXL',NULL,NULL,NULL,'Spouse','Joan ','Spouse',NULL,NULL,NULL,'US Navy','EN3','',0,0,1,1,'',1,0,0,'',0,'When walking long distances','Allopuriol 1 morning\r\nAtenolol 1 evening\r\nBenazepril 1 evening\r\nEliquis 1 morning; 1 evening\r\nJardience 1 morning\r\nGlipizide 1 morning; 1 evening\r\nIsosorbide MN ER 1 morning\r\nLantus injectable 1 morning\r\nOmeprazole 1 morning\r\nTerazosinn HCL 1 before bed\r\nTorsemide 2 morning; 2 afternoon\r\nNitrostat 1 under tongue every 6 minutes if experiencing chest pain\r\nBaby Aspirin 1 evening\r\nGlucosamine 1 morning; 1 evening\r\nVitamin C 1 morning\r\nMultivitamin 1 morning\r\nFish Oil 1 morning',1,0,1,0,1,0,1,0,0,0,0,0,1,1,1,1,1,'','Allergic - Penicillan',1,NULL,NULL,NULL,NULL,'','','2017-10-23','No salt','VR Check  ef 6.3.19','2019-06-03 09:58:47'),(5120,3598,'daughter',NULL,69,NULL,'Terry','O','Rogers','Terry','M',NULL,'Syracuse','NY','13219',NULL,'585-377-2519','585-317-3368','1944-11-01',160,NULL,'M',NULL,NULL,NULL,'daughter','Janet ','spouse',NULL,NULL,NULL,'Coast Guard','RD2','4 years',0,0,1,1,'Radarman, USOGC Dallas, support and search vessel. Off shore patrol',0,0,0,'',0,'','Multaq\r\nEliquis\r\nFenofibrate\r\nLevothyroxine\r\nMetoprolol\r\nFamotidine\r\nAmlodipine\r\nPrvastin Sodium\r\nFinasteride\r\nAspirin\r\nvit C\r\nMulti-Vitamin\r\n',0,0,0,0,0,1,0,0,0,0,0,0,0,1,0,0,1,'','',0,NULL,NULL,NULL,NULL,'Veteran lives in Syracuse, but his twin borther (Gary Reynolds) lives in our area.','','2017-11-01','','VR Check  ef 6.3.19','2019-06-03 14:26:36'),(5121,3536,'daughter',NULL,69,NULL,'Vincent','L','Lee','Vince','M',NULL,'Hornell','NY','14843',NULL,'585-377-4208','585-317-4677','1944-06-06',200,NULL,'XL',NULL,NULL,NULL,'daughter','Kathleen ','spouse',NULL,NULL,NULL,' Marine Corps','Sgt','4 Years',0,0,1,1,'Security Marine air Base Squardron (MABS) in Vietnam',0,0,0,'',0,'','',0,0,0,0,0,0,0,0,0,0,0,0,0,1,0,0,0,'','Allergic - Mushrooms',0,NULL,NULL,NULL,NULL,'','','2017-11-01','','VR Check  ef 6.1.19','2019-06-01 22:04:57'),(5135,3579,'Son',NULL,69,NULL,'David','I','Ward','Dave','M',NULL,'Williamson','NY','14589',NULL,'585-377-4482','585-317-4280','1939-03-22',160,NULL,'M',NULL,NULL,NULL,'daughter','Scott ','son',NULL,NULL,NULL,'Army','PFC','2 years',0,0,1,1,'Bamndsman',0,0,0,'',0,'','',1,0,0,0,1,0,0,0,0,0,1,0,0,0,0,0,1,'','',0,NULL,NULL,NULL,NULL,'','','2017-11-04','','VR Check  ef 6.3.19','2019-06-03 17:16:40'),(5152,2867,'FRIEND',NULL,69,NULL,'Peter','F','Phillips','Pete','M',NULL,'ROCHESTER','NY','14624',NULL,'585-377-7882','585-317-7370','1941-04-10',330,NULL,'XXXL',NULL,NULL,NULL,'friend','JANICE ','WIFE',NULL,NULL,NULL,'NAVY','BM3','4 years',0,0,1,0,'SECURITY STA. WASHINGTON DC                                                   BM3 USS ARNEB AKA-56',1,1,1,'',0,'CANE  MOST OF TIME     WALKER  LONG WALK                           WHEELCHAIR  LONGER WALK','lantus,novolog,victoza allopurinol,atorvastatin,, amlodipine besylate   gabapentin, levothyroxine, lorsartan, pioglitazone , ,furosemide,        atenolol',0,0,0,0,0,0,1,0,0,0,0,0,1,1,0,0,1,'','bad back',1,NULL,NULL,NULL,NULL,'','','2017-11-06','','VR Check  ef 6.3.19','2019-06-03 10:12:47'),(5158,3558,'Step-son',NULL,69,NULL,'Robert','R','White','Bob','M',NULL,'Churchville','NY','14428',NULL,'585-377-8494','585-317-6012','1942-11-03',180,NULL,'L',NULL,NULL,NULL,'Step-son','Marilyn ','Spouse',NULL,NULL,NULL,'Coast Guard','E-4','1962 - 1966',0,0,1,0,'Hospital Corpsman ',0,0,0,'',0,'N/A','\r\n',0,0,0,0,1,0,0,0,0,0,0,0,0,0,0,0,1,'','',0,NULL,NULL,NULL,NULL,'','','2017-11-15','N/A','VR Check  ef 6.3.19','2019-06-03 21:50:38'),(5159,3580,'son in law',NULL,69,NULL,'Floyd','H','Clark','','M',NULL,'West Henrietta','NY','14586',NULL,'585-377-4110','585-317-7951','1942-08-30',250,NULL,'XXL',NULL,NULL,NULL,'daughter','Deanna ','daughter',NULL,NULL,NULL,'USMC and Army National Guard','Sergeant E5, E6 in guard','1959-1973 & 1975-1991',0,0,1,1,'Air craft structual mechanic in Marines\r\nMechaninc in Army',0,0,0,'',0,'','Cholecalciferol 1000 unit Tablet, evening\r\nClopidogrel 75 MG tablet, daily\r\nCyanocobalamin 100 MCG tablet, morning\r\nEnalapril 10 MG, morning\r\nFinasteride 10 MG tablet, daily\r\nFolic Acid 1 MG tablet, daily\r\nMagnesium Oxide 400 MG tablet, morning\r\nMetoprotol 100 MG tabelet, daily\r\nOxygen, 2 liters per minute at bedtime\r\nRosuvastatin, 20 MG tablet, daily\r\nSotalol 120 MG tablet, every 12 hours\r\nSpironolactone 25 MG tablet, daily\r\nTamsulosin .4 MG capsule, evening\r\nVitamin B-6 PO, morning\r\nas needed:\r\nAcetaminophen 500 MG tablet\r\nAmoxicilin 500 MG capsule',0,0,0,1,0,0,0,0,0,0,0,1,0,0,0,0,0,'Nighttime, 2 liters','',0,NULL,NULL,NULL,NULL,'','','2017-11-18','low sugar\r\nlow cholesterol diet\r\nno high potassium foods','VR Check  ef 6.1.19','2019-06-01 16:00:10'),(5167,3606,'Son',NULL,69,NULL,'John','G','Wright','','M',NULL,'Ovid','NY','14521',NULL,'585-377-4068','585-317-3720','1943-10-13',190,NULL,'XL',NULL,NULL,NULL,'wife','Martha ','wife',NULL,NULL,NULL,'Army','E5','1962 - 1965',0,0,1,1,'Clerk, FA Control team',0,0,0,'',0,'do not use any','atorvastatin 1 a day,omeprazole 1 a day,Ranitidine 1 a day,Amlodipinr 1 aday, Zetia 1 a day, Hydrochlorothiazide 1 a day, Vitamin D3 1 a day',0,0,0,0,0,0,0,0,0,0,0,0,0,0,0,0,0,'','',0,NULL,NULL,NULL,NULL,'','','2017-12-02','None','VR Check  ef 6.7.19','2019-06-07 12:19:14'),(5177,3550,'Son',NULL,69,NULL,'Durando','','Roberts','Dee','M',NULL,'Fairport','NY','14450',NULL,'585-377-8010','585-317-3748','1937-10-01',220,NULL,'XXL',NULL,NULL,NULL,'wife','Lucille ','wife',NULL,NULL,NULL,'Army','sp-3   Spec 4     ',' 2yrs',0,0,1,0,'tank driver    border patrol',0,0,0,'',0,'','Aspirin\r\nEnaapril\r\nFurosemide\r\nSimvistatin\r\nTamsulosin',0,0,0,0,0,0,0,0,0,0,0,0,0,0,0,0,0,'','',0,NULL,NULL,NULL,NULL,'','','2017-12-16','','VR Check  ef 6.3.19','2019-06-03 13:36:43'),(5182,3566,'Daughter',NULL,69,NULL,'Richard','J','Lewis','Rich','M',NULL,'Henrietta','NY','14467',NULL,'585-377-8503','585-317-7582','1938-04-27',145,NULL,'L',NULL,NULL,NULL,'daughter','Crystl ','Spouse',NULL,NULL,NULL,'navy','PO1','22 Years',0,0,1,0,'signalman',1,1,1,'',0,'to walk any distance','tramadol tid, dulera bid, spiriva qd ',1,0,0,0,0,0,0,0,1,0,0,0,1,1,0,0,0,'','severe arthritis',1,NULL,NULL,NULL,NULL,'','','2017-12-20','','VR Check  ef 6.1.19','2019-06-01 22:19:05'),(5187,2881,'son',NULL,69,NULL,'George','M','Thompson','George','M',NULL,'Victor','NY','14564',NULL,'585-377-7219','585-317-8667','1938-07-08',175,NULL,'L',NULL,NULL,NULL,'daughter in law','Barbara ','spouse',NULL,NULL,NULL,'Army','SP-4','2 years',0,0,1,1,'Stock clerk',0,0,0,'',0,'','Chlorthalidone\r\nPolycarbophil\r\nCholecalciferol\r\nOmeprazole\r\nMisoprostol\r\nPrarastatin Sodium\r\nFerrous Gluconate',0,0,0,0,1,0,0,0,0,0,0,0,0,1,0,0,0,'','',0,NULL,NULL,NULL,NULL,'','','2017-12-28','','VR Check  ef 6.3.19','2019-06-03 15:12:53'),(5188,3599,'Cousin',NULL,69,NULL,'Darwin','G','Jones','Dar','M',NULL,'Rochester','NY','14608',NULL,'585-377-6548','585-317-2590','1944-08-18',214,NULL,'L',NULL,NULL,NULL,'Wife','Alice ','Wife',NULL,NULL,NULL,'Army','Sp4 E-4','Feb 19, 1962 to Nov 19,1965',0,0,1,0,'Wireman & Gunner ',1,1,1,'',0,'I use cane most of the time. Walker some times when I have to go to far places and need to rest. wheel chair when going to more than one place.','Glipizide 5mg once a day just before dinner the rest are in the morning before breakfast.\r\nMeloxicam 15 mg 1 time a day\r\nMetformin 1000 mg 1 time a day\r\nLisianopril 20 mg 1 time a day\r\nLevothyorxinena 0.05 mg 1 Time a day\r\nCombivent Respimat 20 mg as needed',1,0,0,0,1,0,1,0,0,0,1,0,1,1,0,0,1,'','',1,NULL,NULL,NULL,NULL,'He is also a vet he served in the Navy','','2017-12-29',' reg diet nothing spelial.','VR Check  ef 6.1.19','2019-06-05 14:00:34'),(5191,3573,'',NULL,69,NULL,'Thomas','L','King','Tom','M',NULL,'Hunt','NY','14846',NULL,'585-377-2083','585-317-4950','1943-07-10',190,NULL,'XL',NULL,NULL,NULL,'son','Masel ','spouse',NULL,NULL,NULL,'Army','SP5','8/67 - 2/69',0,0,1,1,'Medic\r\nOne year national guard',1,0,0,'',0,'','',0,0,0,0,0,0,0,0,0,0,0,0,0,1,0,0,0,'','Parkinson\'s',0,NULL,NULL,NULL,NULL,'','','2018-01-03','','VR Check  ef 6.1.19','2019-06-01 21:59:16'),(5201,2689,'',NULL,69,NULL,'Richard','D','Moore','','M',NULL,'Rochester','NY','14612',NULL,'585-377-8768','585-317-7982','1945-10-25',225,NULL,'XXL',NULL,NULL,NULL,'Friend','Connie ','Spouse',NULL,NULL,NULL,'Navy','E3','1964-1968',0,0,0,1,'years served 1964 - 1968 (Vietnam USS Galveston Radar Operator 5/65 - 1/66; Danang Radio Controller 2/66 -\r\n 2/67 Danang ) (Norfolk',0,0,0,'',0,'none','Tacro, Velcyt, Celcept, Bactrim, Levothyroxine, Pantoprazole (all daily  )',0,0,0,0,0,0,0,0,0,0,0,0,0,1,0,0,0,'','Liver transplant recipient - meds are daily as prescribed.',0,NULL,NULL,NULL,NULL,'','','2018-01-07','NO grapefruit prducts','VR Check  ef 6.3.19','2019-06-05 14:01:53'),(5207,2888,'son',NULL,69,NULL,'David','W','Robinson','Dave','M',NULL,'Wyoming','NY','14591',NULL,'585-377-1598','585-317-7064','1941-11-08',235,NULL,'XXL',NULL,NULL,NULL,'wife','Linda ','wife',NULL,NULL,NULL,'Air Force','E 4','4 years',0,0,1,0,'Radar Operator\r\nTDY Air Police\r\nAlso Air force Reserves',0,0,1,'',1,'all the time','Bumetanide once a day     metopprolol once a day   pravastatin once a day   finasteride once a day  warfarin once a day  amiodarone twice a day  tamsulosin once a day  doxcycline hyclate once a day  gabapentin 3 times a day   colace twice a day   fiber sup once a day     aspirin 81 mg  once a day    spironolovctone once a day',0,0,1,1,0,0,0,0,0,0,0,0,1,0,0,0,0,'zero','none',1,NULL,NULL,NULL,NULL,'','','2018-01-17','none','VR Check  6.3.19','2019-06-03 13:40:11'),(5230,2902,'son',NULL,69,NULL,'David','P','Jackson','Dave','M',NULL,'Spencerport','NY','14559',NULL,'585-377-8684','585-317-2372','1941-08-04',210,NULL,'XL',NULL,NULL,NULL,'son','Sheila ','spouse',NULL,NULL,NULL,'Air Force','S Sgt','1966-1970',0,0,1,1,'Air Ground Communications Operator Ingerlik (Adana) Turkey forward air controlled Trainer  Bergstrom AFB Austin, TX',0,0,0,'',0,'','',0,0,1,0,0,0,0,0,0,0,0,0,0,1,0,0,0,'','',0,NULL,NULL,NULL,NULL,'','','2018-02-03','','VR Check  ef 6.1.19','2019-06-01 21:44:10'),(5235,3560,'Daughter',NULL,69,NULL,'Richard','S','Perez','Richard','M',NULL,'Webster','NY','14580',NULL,'585-377-2630','585-317-8668','1937-07-23',195,NULL,'L',NULL,NULL,NULL,'daughter','Anne ','wife',NULL,NULL,NULL,'Navy, Air Force','E5','2 years',0,0,1,0,'Electrician, heavy equipment mechanic',0,0,0,'',0,'none','Amlodipine befylate / 10mg once a day',0,0,0,0,1,0,0,0,0,0,0,0,0,1,0,0,0,'','',0,NULL,NULL,NULL,NULL,'','','2018-02-05','none','VR Check  ef 6.3.19','2019-06-03 10:08:04'),(5239,3562,'Son',NULL,69,NULL,'Richard','W','Hill','Dick','M',NULL,'SPENCERPORT ','NY','14559',NULL,'585-377-5097','585-317-2271','1940-07-08',190,NULL,'XL',NULL,NULL,NULL,'WIFE','NANCY ','WIFE',NULL,NULL,NULL,'USMC','E-4','1959-1965',0,0,1,0,'INFINTRY\r\nINSTRUCTOR and small arms instructer- PARRIS ISLAND',0,0,0,'',0,'','LISINOPRIL 1 PER DAY\r\nATORVASTATIN 1 PER DAY\r\nATENOLOL 1- PER DAY',0,0,0,0,0,0,0,0,0,0,0,0,0,0,0,0,0,'NEVER','NONE',0,NULL,NULL,NULL,NULL,'','','2018-02-12','NONE','VR Check  ef 6.1.19','2019-06-01 21:32:29'),(5270,3568,'Son',NULL,69,NULL,'Joseph','M','Edwards','Joe D','M',NULL,'Rochester','NY','14612',NULL,'585-377-8595','585-317-2127','1938-07-31',235,NULL,'XXL',NULL,NULL,NULL,'daughter','Carmela ','spouse',NULL,NULL,NULL,'Army','PFC','2 Years',0,0,1,0,'Armor',0,0,0,'',0,'','',0,0,0,1,1,0,1,0,0,0,0,0,0,1,0,0,0,'','',0,NULL,NULL,NULL,NULL,'','','2018-02-26','','VR Check  ef 6.1.19','2019-06-01 16:50:18'),(5366,3152,'Solo guardian',NULL,69,NULL,'Joseph','M','Nelson','Monte','M',NULL,'Avon','NY','14414',NULL,'585-377-6884','585-317-9592','1940-03-27',190,NULL,'L',NULL,NULL,NULL,'daughter','Keren ','Wife',NULL,NULL,NULL,'Army','E4','6 months active, 5 1/2 yrs reserve',0,0,1,1,'Clerk typist',0,0,0,'',0,'','Prostate pills\r\nvitamin D\r\ncholesterol pills',0,0,0,0,0,0,0,0,0,0,0,0,0,1,0,1,0,'','',0,NULL,NULL,NULL,NULL,'','','2018-03-25','','VR Check  ef 6.7.19','2019-06-07 10:29:05'),(5395,3570,'Son',NULL,69,NULL,'Leonard','C','Carter','Len','M',NULL,'Pittsford','NY','14534',NULL,'585-377-4652','585-317-7412','1934-03-12',200,NULL,'XL',NULL,NULL,NULL,'daughter','Germaine ','spouse',NULL,NULL,NULL,'Army','CPL','2',0,0,1,0,'Field Artillery - Germany',0,0,0,'',0,'n/a','lisinopril\r\naspirin\r\nlevathyroid',0,0,1,0,0,0,0,0,0,0,0,0,0,1,0,0,0,'','',0,NULL,NULL,NULL,NULL,'','','2018-04-06','','VR Check  ef 6.1.19','2019-06-01 15:22:19'),(5398,3601,'Son',NULL,69,NULL,'Joseph','E','Hall','Coach','M',NULL,'Fairport','NY','14450',NULL,'585-377-3200','585-317-7186','1938-04-17',180,NULL,'L',NULL,NULL,NULL,'daughter','Janet ','wife',NULL,NULL,NULL,'Army','PVT FIRST CLASS','6 years',0,0,0,1,'Radio operator Communications',0,0,0,'',0,'','prevastatin\r\nmesalamine\r\ngabapentin',0,0,0,0,1,0,0,0,1,0,0,0,0,0,0,0,0,'','right hip replacement',0,NULL,NULL,NULL,NULL,'','','2018-04-02','','VR Check  ef 6.4.19','2019-06-04 23:19:12'),(5409,3581,'Son',NULL,69,NULL,'Donald','T','Evans','Don','M',NULL,'Fairport','NY','14450',NULL,'585-377-2043','585-317-4698','1939-08-08',160,NULL,'L',NULL,NULL,NULL,'wife','Diane ','wife',NULL,NULL,NULL,'USAF','A/2c','1958-1964',0,0,1,0,'Voice intercept operator (Russian)',0,0,0,'',0,'','Triamterene HCL daily for HBP',0,0,0,0,0,0,0,0,0,0,0,0,0,1,0,0,0,'','',0,NULL,NULL,NULL,NULL,'','','2018-04-25','None','VR Check  ef 6.7.19\r\n','2019-07-13 20:48:47'),(5413,3049,'daughter',NULL,69,NULL,'Richard','D','Hernandez','Dick','M',NULL,'Dansville','NY','14437',NULL,'585-377-6185','585-317-1929','1935-02-16',182,NULL,'L',NULL,NULL,NULL,'daughter','Johanne ','Wife',NULL,NULL,NULL,'Army','E-4','2',0,0,1,0,'Fort Dix , Chief Clerk Currier  3 trips to Germany',0,0,0,'',0,'','atorvastatin 10mg once a day\r\nMetformin 1000mg once a day\r\nmetoprolol 25 mg 2x per day\r\nomeprazole 20 mg once a day',0,0,0,0,0,0,1,0,0,0,0,0,0,0,0,0,0,'','',0,NULL,NULL,NULL,NULL,'','','2018-04-28','','VR Check  ef 6.1.19','2019-06-01 21:28:46'),(5424,3057,'Daughter',NULL,69,NULL,'Raymond','E','Smith','Ray','M',NULL,'Rochester','NY','14624',NULL,'585-377-5959','585-317-4553','1933-03-01',187,NULL,'L',NULL,NULL,NULL,'Daughter','Tina ','Wife',NULL,NULL,NULL,'Army','Sergeant  E5','2 years',0,0,1,0,'IBM Machine Accountant ',0,0,0,'',0,'','Allopurinol 1x\r\nTamsuosin 1x\r\nVesicare 1X\r\nFinasteride 1x\r\nLevothyroxine 1x',0,1,0,0,0,0,0,0,0,0,0,0,0,1,0,0,0,'','',0,NULL,NULL,NULL,NULL,'','','2018-05-05','','VR Check  ef 6.6.19','2019-06-06 15:53:52'),(5443,3577,'Daughter',NULL,69,NULL,'KENNETH','W','Wilson','KEN','M',NULL,'VICTOR','NY','14564',NULL,'585-377-9446','585-317-7978','1939-02-23',177,NULL,'L',NULL,NULL,NULL,'spouse','Tod ','Son-in-law',NULL,NULL,NULL,'US ARMY','CW4','22 years',0,0,1,1,'Rotary Wing, Fixed wing instructor/ examiner VN, CAMBODIA, LAOS\r\n    AH-1G COBRA PILOT',0,0,0,'',0,'uneven rough terrain and distance-----200 yds','lisinopril, baby aspirin, hydroxichloriquine, autorvastation, amlodipine, bupropion-----once daily',0,0,0,0,0,0,0,0,0,0,0,0,0,1,0,0,0,'','NA',0,NULL,NULL,NULL,NULL,'','','2018-05-12','NA','VR Check  ef 6.3.19','2019-06-03 22:19:23'),(5459,3159,'son',NULL,69,NULL,'Frank','L','Baker','Frank','M',NULL,'Roch','NY','14620',NULL,'585-377-4844','585-317-8233','1938-10-21',239,NULL,'XXL',NULL,NULL,NULL,'son','Frances ','wife',NULL,NULL,NULL,'Navy','Seaman III','4 years',0,0,1,0,'Antisubmarine search',1,0,1,'',0,'walking short distance, wheelchair for long distance','',0,0,0,0,1,0,1,0,0,0,0,0,1,1,0,0,1,'','',1,NULL,NULL,NULL,NULL,'','','2018-04-26','','VR Check  ef 5.24.19','2019-05-24 22:59:30'),(5461,3574,'Son',NULL,69,NULL,'Carl','J','Martinez','Carl','M',NULL,'Bloomfield','NY','14469',NULL,'585-377-3387','585-317-8235','1938-05-22',155,NULL,'M',NULL,NULL,NULL,'son','Beverly ','wife',NULL,NULL,NULL,'Army','1st Lt.','1/2 year',0,0,1,0,'Training, Officers Transportation School, Research & Development',0,0,0,'',0,'','finasteride\r\noxybutynin\r\ndoxazosin',0,0,0,0,0,0,0,0,0,0,0,0,0,1,0,0,0,'','Allergic:  Percaset',0,NULL,NULL,NULL,NULL,'','','2018-04-14','','VR Check  ef 6.1.19','2019-06-01 22:46:06'),(5474,3084,'Son',NULL,69,NULL,'David','J','Gonzalez','Dave','M',NULL,'N. CHILI','NY','14514',NULL,'585-377-2406','585-317-7476','1938-07-19',230,NULL,'XL',NULL,NULL,NULL,'WIFE','JEANETTE ','WIFE',NULL,NULL,NULL,'ARMY','PFC','11/61 - 10/63',0,0,1,1,'Eng supply, motor pool dispatcher.  1-1/2 yrs in Europe  ',0,0,0,'',0,'','flulicasone - 1 spray in nostril twice daily\r\nipratroprim bromide - 2 sprays in nostril twice daily\r\nlumigan - 1 drop both eyes nightly\r\nxarelto 20mg - 1 tablet daily\r\nmetoprolol tart 25mg - 1 tablet twice daily\r\nomprazale 20mg - 2 cap daily\r\nmulti vitamin',0,0,0,0,0,0,0,0,0,0,0,0,0,1,0,0,0,'','Allergies:  Aleve',0,NULL,NULL,NULL,NULL,'HIS FAMILY DID THIS REGISTRATION.HE MIGHT BE A LITTLE SURPRISED WHEN CONTACTED.','','2018-05-21','','VR Check  ef 6.1.19','2019-06-01 21:02:26'),(5485,3092,'Daughter',NULL,69,NULL,'Edward','H.','Brown','Ed','M',NULL,'Rochester','NY','14624',NULL,'585-377-1867','585-317-3679','1938-05-22',175,NULL,'XL',NULL,NULL,NULL,'Wife','Gail ','Wife',NULL,NULL,NULL,'Army','Sp 4','2',0,0,1,0,'Combat Engineer    121.10',0,0,0,'',0,'','Omeprazole - 20 mg  1-2 per day\r\nDiltiazem 90 mg  2 daily\r\nAtrovastatin 10 mg  1 daily\r\nAspirin 81 mg  1 daily\r\nCentrum Silver  1 daily\r\nLantanopost 0.005% Solution  1 drop per eye per day\r\nBrimonidine Tartrate 0.2% i drop per eye per day\r\nTimolol 0.5%  1 drop per eye 2 times per day\r\nGabapentin 100 mg  1-2 per day\r\nGlucosamine 100 mg  2 daily\r\nClaritin (Non drousy) 1 daily\r\nOcuvite 50+ Eye health  1 daily',0,0,0,0,0,0,0,0,0,0,0,0,0,1,0,0,0,'','Allergic:  sulfa',0,NULL,NULL,NULL,NULL,'','','2018-05-23','None','VG Check - ef 6.1.19','2019-06-01 14:29:18'),(5486,3585,'Son',NULL,69,NULL,'Dennis','N','Rodriguez','','M',NULL,'Rochester','NY','14613',NULL,'585-377-2117','585-317-4964','1938-06-19',190,NULL,'S',NULL,NULL,NULL,'Daughter','Carol ','Wife',NULL,NULL,NULL,'Army','PFC','1958-1959',0,0,1,0,'MP Corps',0,0,0,'',0,'','',0,0,0,0,0,0,0,0,0,0,0,0,0,1,0,0,0,'','',0,NULL,NULL,NULL,NULL,'','','2018-05-24','none','VR Check  ef 6.3.19','2019-06-03 13:49:01'),(5487,3095,'son',NULL,69,NULL,'Ralph','H','Morgan','Moose','M',NULL,'Newark','NY','14573',NULL,'585-377-4986','585-317-4784','1943-06-25',250,NULL,'XXL',NULL,NULL,NULL,'son','Joyce ','spouse',NULL,NULL,NULL,'Marine Corps','LCPL','Cold War',0,0,1,0,'Heavy Equipment engineer',0,0,0,'',0,'','Lisinopril\r\nMetoprolol\r\nLevothyroxine\r\nVit D\r\nTimolol maleate\r\nBrimimonidine\r\nLatanoprost\r\n',0,0,0,0,1,0,0,0,0,0,0,0,0,1,0,0,0,'','',0,NULL,NULL,NULL,NULL,'','','2018-05-25','','VR Check  ef 6.3.19','2019-06-03 09:54:17'),(5498,3588,'Daughter',NULL,69,NULL,'Thomas','P','Walker','Tom','M',NULL,'Spencerport','NY','14559',NULL,'585-377-5817','585-317-3030','1941-05-27',187,NULL,'L',NULL,NULL,NULL,'','Gail ','Wife',NULL,NULL,NULL,'USMC','l/Cpl','4 years',0,0,1,0,'Infantryman, weapons & explosive  instructor. ',1,0,0,'',0,'I may well not need it as my knee replacement should have solved all of my problems.','OMEPRAZOLE\r\nenalapril\r\natorvastatin\r\nescitalopram\r\nAmlodipine Besylate\r\nFenofibrate\r\nGabaponten\r\nMagnesium\r\nB-12\r\nD3\r\nCoQ10\r\nOne a Day Vit\r\nAspirin\r\n\r\n\r\n',0,0,0,0,1,0,0,0,0,0,0,0,1,1,0,0,1,'','',1,NULL,NULL,NULL,NULL,'','','2018-05-30','none','VR Check  ef 6.3.19','2019-06-03 16:51:44'),(5511,3118,'Son',NULL,69,NULL,'Robert','Earl','Mitchell','Bob','M',NULL,'Pittsford','NY','14534',NULL,'585-377-5946','585-317-3795','1942-01-30',195,NULL,'XL',NULL,NULL,NULL,'','Ruth ','Wife',NULL,NULL,NULL,'Navy','Seaman','5 years',0,0,1,0,'Radar and Disbursing clerk \r\n',0,0,0,'',0,'','Amlodipine 1/day\r\nLisinopril 1/day\r\nOmeprazole 1/day\r\nLovastatin 1/day\r\nSymbicort 2 puffs 2/day\r\nTamsulosin 1/day 1/@nite\r\nMontelukast 1/@nite\r\nChlorthalidone 1/day\r\nAsprin 80mg 1/day\r\nOsteo Bi-Flex 2/day\r\n',1,0,0,0,0,0,0,0,0,0,1,0,0,1,0,0,0,'','',0,NULL,NULL,NULL,NULL,'','','2018-06-05','Nuts and seeds , shellfish \r\n','VR Check  ef 6.3.19','2019-06-03 09:47:43'),(5580,3141,'friend',NULL,70,NULL,'Norman','M','Bell','Bucky','M',NULL,'Branchport','NY','14418',NULL,'585-377-9898','585-317-8874','1939-07-25',190,NULL,'L',NULL,NULL,NULL,'son','Rosanna ','spouse',NULL,NULL,NULL,'Army','SP5','Cold War',0,0,1,0,'Equipment operator / company clerk',0,0,0,'Back-up',0,'','',0,0,0,0,0,0,0,0,0,0,0,0,0,1,0,0,0,'','',0,NULL,NULL,NULL,NULL,'','Green','2018-07-02','','PENN YAN GROUP 5\r\nSPRING 2019\r\nLOL 9/22 VR','2019-09-22 13:54:43'),(5669,3723,'Daughter',447,67,160,'Merton','E','Battle','Mert','M',NULL,'Macedon','NY','14502',NULL,'585-377-5105','585-317-2051','1937-04-30',155,NULL,'L',NULL,NULL,NULL,'Wife','Jean ','Wife',NULL,NULL,NULL,'Air Force','A1C','',0,0,1,0,'4 yrs plus Maintained electronic radio/radar systems on B-47s & KC-97s  in Strategic Air Command @ Plattsburgh AFB, NY & Goose Bay, Labrador\r\n',0,0,0,'Back-up',0,'No, I do not need any medical assistance','Avorstatin',0,0,0,0,0,0,1,0,0,0,0,0,0,0,0,0,0,'Never','None',0,NULL,NULL,NULL,NULL,'I could assist in helping another in a wheel chair, if necessary','Green','2018-08-01','None in particular','VR Check  ef 8.31.19','2019-08-31 22:45:08'),(5755,3405,'Son',NULL,69,NULL,'Anthony','J','Richardson','Tony','M',NULL,'Rochester','NY','14606',NULL,'585-377-4561','585-317-7596','1935-02-03',200,NULL,'XL',NULL,NULL,NULL,'daughter','Debra ','daughter',NULL,NULL,NULL,'Marine','sargent','3 years',0,1,0,0,'3 stripe buck sargent\r\nrifle man',0,0,0,'',0,'','no medications',0,0,0,0,0,0,0,0,0,0,0,0,0,1,0,0,0,'','',0,NULL,NULL,NULL,NULL,'','','2018-08-28','','VR Check  ef 6.3.19','2019-06-03 13:32:18'),(5813,1793,'Caretaker',NULL,69,NULL,'Raymond','J','Harris','','M',NULL,'Canandaigua','NY','14424',NULL,'585-377-7491','585-317-4830','1938-09-18',216,NULL,'XXL',NULL,NULL,NULL,'?','Shelli ','Daughter',NULL,NULL,NULL,'Navy','illegible','1956-1959',0,1,1,0,'illegible',0,1,1,'',0,'Cannot walk far. Can push self in wheelchair','Separate list',0,0,0,0,0,0,0,0,0,1,0,0,1,1,0,0,0,'','',1,NULL,NULL,NULL,NULL,'','','2018-08-29','Low sodium','VR Check  ef 6.4.19','2019-06-04 08:42:30'),(5902,3726,'Son',447,67,160,'Homer','M','Able','Mat','M',NULL,'Fairport','NY','14450',NULL,'585-377-5774','585-317-1363','1937-08-16',180,NULL,'L',NULL,NULL,NULL,'Wife','Linda ','Wife',NULL,NULL,NULL,'Army','1st Lt','1961-1963',0,0,1,0,'Co, Commander, Reg Master Ast S.3 Batraion S-3\r\nActive duty, Ft. Knox, KY',0,0,0,'Curb',0,'Do not use mobility equipment','Take meds. morning and evening and will bring with me.',0,0,0,0,1,0,0,0,0,0,0,0,0,1,0,0,0,'','',0,NULL,NULL,NULL,NULL,'Graduate of Norwich University','Yellow','2018-10-12','Heavily spiced foods','VR Check  ef 8.31.19','2019-09-02 23:46:17'),(5988,3371,'son',NULL,69,NULL,'Leonard','','Miller','Len','M',NULL,'Webster','NY','14580',NULL,'585-377-6396','585-317-1323','1933-07-12',175,NULL,'L',NULL,NULL,NULL,'son','Arlene ','Good friend',NULL,NULL,NULL,'US Army','PFC','1954-1956',0,1,0,0,'Basic training - Ft Dix, NJ, Camp Chaffee AK\r\n519 FA Bn - Germany\r\n18thFA Bn - Germany\r\nJeep Driver\r\nGood conduct Medal\r\nGerman Occupation Medal',0,0,0,'',0,'','Furosimide 100mg daily, Astrovansatin 20 MGqd, Flomax .4mg daily,\r\nXeralto 1.5 mg, Metropolol 50mg Allperinol  100 mg,Calcatrol 1 per day,Metalazone 5mg as req., \r\nVitamins b12, D3, Ocuvite, iron\r\n',0,0,1,0,0,1,0,0,0,0,0,0,0,1,0,0,0,'','4X Coronory bypass - 2002\r\nCorotid Endorectory',0,NULL,NULL,NULL,NULL,'','','2018-12-08','none','VR Check  ef 6.4.19','2019-06-04 10:13:19'),(6016,3378,'Son',NULL,69,NULL,'Joseph','R','Cox','Joe','M',NULL,'Rochester','NY','14624',NULL,'585-377-5660','585-317-2525','1935-06-07',0,NULL,'XL',NULL,NULL,NULL,'??','Dolores ','Wife',NULL,NULL,NULL,'Army','Staff Sgt.','1953-1958',0,1,0,0,'Mail clerk, BTRY clerk, Supply Sgt, Squad Leader, and S-3 Duty Office',1,0,0,'',0,'When I\'m doing a lot of walking','Metoprolol - 2 times/day\r\nEliquis 2 times/day\r\nHydrochldrothiazide once/day, Ranitidine once/day, Loratadine once/day, Vit C, Vit B, Vit. D and Tylenol when needed',1,0,1,0,1,0,0,0,0,0,1,0,0,1,0,0,0,'','',1,NULL,NULL,NULL,NULL,'','','2018-10-17','','VR Check  ef 4.25.19    In Florida until April 15th -contact via cell phone','2019-05-07 07:24:11'),(6090,3409,'daughter',NULL,70,NULL,'Donald','B','Angel','Don','M',NULL,'Rochester','NY','14454',NULL,'585-377-1129','585-317-8658','1936-04-23',125,NULL,'L',NULL,NULL,NULL,'daughter','MARY ','daughter',NULL,NULL,NULL,'Navy','Fireman','2 years',0,0,1,0,'I was on the uss investigator that patrolled the north atlantic looking for russian airplanes. i was a yoman.',0,0,1,'Bus Lift',0,'at all times','Lisinopril 1x\r\nAt0rvastatin 1x\r\nbaclofen 1x\r\nlabetalol 2x\r\nfluoxetine 1x\r\nclopidogel 1x\r\ntrazodone 1x',0,0,0,0,0,0,0,0,0,0,0,0,1,0,1,0,0,'','',1,NULL,NULL,NULL,NULL,'','Red','2019-01-31','none','LOL 9/22 VR','2019-09-22 13:33:22'),(6102,3439,'Son',NULL,70,NULL,'Robert','G','Avon','Bob','M',NULL,'Webster','NY','14580',NULL,'585-377-1581','585-317-8717','1936-10-05',180,NULL,'M',NULL,NULL,NULL,'Wife','Valerie ','Wife',NULL,NULL,NULL,'Coast Guard','Boatswain\'s Mate','1954-1958',0,0,1,0,'Bermuda, new Foundland, Antarctic.\r\nOn a weather station and a mine sweeper search and rescue',1,0,0,'Curb',0,'Cane for long distances','',0,0,1,1,0,0,1,0,0,0,0,0,1,1,0,1,0,'','',1,NULL,NULL,NULL,NULL,'','Yellow','2019-02-18','','LOL 9/22 VR','2019-09-22 13:36:09'),(6155,3602,'Son',NULL,69,NULL,'James','A','Garcia','Jim','M',NULL,'Rochester','NY','14612',NULL,'585-377-7567','585-317-8614','1932-10-22',150,NULL,'M',NULL,NULL,NULL,'Wife','Mary ','Wife',NULL,NULL,NULL,'Coast Guard','2nd Class','3 Years',0,1,1,0,'Life boat station Eureka, CA and San Francisco, Alemeda, California\r\nFireman and Carpenter',1,0,0,'',0,'When I have to walk long distances','None listed',0,0,0,0,0,0,0,0,0,0,0,0,1,1,0,0,0,'','',1,NULL,NULL,NULL,NULL,'','','2019-03-05','None','ef  3.5.2019\r\nVR Check  ef 6.4.19','2019-06-04 23:18:13'),(6157,3465,'Son',NULL,68,NULL,'Richard','M','Yang','Rich','M',NULL,'North Chili','NY','14514',NULL,'585-377-6095','585-317-7918','1936-08-16',200,NULL,'L',NULL,NULL,NULL,'Spouse','Sharon ','Spouse',NULL,NULL,NULL,'Air Force','A1C','1954-1958',0,1,1,0,'Airborne Electronics',0,0,0,'',0,'','A.M.                                      Azelastine  0.1 % nasal spray\r\n\r\nA.M. - with breakfast:    Glipizide  2.5 mg\r\n\r\nA.M.   after breakfast:  Gabapentin  600 mg\r\n\r\n                                                Pantoprazole  40 mg\r\n\r\n                                                Budesonide (Entocort)   1  tab (3 mg)\r\n\r\n                                                Acyclovir - 400 mg\r\n\r\n                                                One-a Day Mens vitamin\r\n\r\n                                                Imodium  1  tab  (1 mg)  - as needed\r\n\r\nA.M.  one hour after A.M. pills:  Cholestyramine powder\r\n\r\nP.M.  before dinner        Xarelto  20 mg\r\n\r\nP.M.  after dinner           Metoprolol  50 mg\r\n\r\n                                                Acyclovir  400 mg\r\n\r\n                                                B  12 (vitamin 1000 mcg                                                                                                           Imodium  1 tab  (1 mg)  as needed\r\n\r\nP.M.  evening                   Gabapentin  600 mg\r\n\r\n                                                Tamsulosin  - 0.4 mg\r\n\r\n                                                Melatonin  3 mg\r\n\r\n                                                Azelastine  0.1 % nasal  spray\r\n\r\nP.M. - at bedtime              Donepezil  HCL (Aricept)  10  mg ',0,0,0,1,0,0,1,0,0,1,0,0,0,0,0,0,0,'','',0,NULL,NULL,NULL,NULL,'','','2019-03-10','','VR Check  ef 4.30.19','2019-04-30 09:48:46'),(6177,3603,'son',NULL,69,NULL,'Hubert','H','Williams','','M',NULL,'Fairport','NY','14450',NULL,'585-377-7775','585-317-4752','1930-07-15',194,NULL,'XL',NULL,NULL,NULL,'son','Brianna ','Granddaughter',NULL,NULL,NULL,'Army','Corporal','1951- 1953',0,1,0,0,'Squard leader  Counter fire platoon Hdg Co.',1,0,0,'',0,'shopping and outside the house','blood pressure medicine - daily\r\ncholesterol medicine - daily',0,0,0,0,1,0,0,0,0,0,0,0,1,1,0,0,0,'','',1,NULL,NULL,NULL,NULL,'','','2019-03-28','none','VR Check  ef 6.4.19','2019-06-04 23:22:02'),(6201,3546,'daughter',NULL,68,NULL,'Nathan','H','Young','Nathan','M',NULL,'ROCHESTER','NY','14612',NULL,'585-377-2595','585-317-5597','1932-05-25',141,NULL,'M',NULL,NULL,NULL,'self','Gretchen ','Daughter',NULL,NULL,NULL,'navy',' 1st Class P.O.','1952-1956',0,1,0,0,'Aviation Photo Mate           two cruises to far east',0,0,0,'',0,'','',0,0,0,1,0,0,1,0,0,0,0,0,0,1,0,0,0,'','',0,NULL,NULL,NULL,NULL,'','','2019-04-05','','VR Check  ef 04.29.19','2019-04-29 23:17:48'),(6215,3525,'Son',NULL,69,NULL,'Glenn','F','Johnson','','M',NULL,'Penfield','NY','14526',NULL,'585-377-7646','585-317-3770','1933-07-15',235,NULL,'XXL',NULL,NULL,NULL,'Son','Charlotte ','Wife',NULL,NULL,NULL,'Air Force','Staff Sgt.','',0,1,0,0,'Headquarters Squaren - Finance in Lankenheath Air Base England',0,1,1,'',0,'Daily','Aspirin\r\nAtorvastatin\r\nClonazepan\r\nErgocalciferol\r\nFluoxetine\r\nGabapentin\r\nMetropolol Tartrate\r\nPantoprazole\r\nTamsulosin\r\n',0,1,1,1,1,0,0,0,0,1,0,0,1,1,1,1,1,'','HAS A WATCHMAN IN HIS HEART',0,NULL,NULL,NULL,NULL,'','','2019-04-11','','ef  4.11.19','2019-05-22 07:13:46'),(6234,3556,'Son',NULL,69,NULL,'Joeseph ','A','Anderson','Joe ','M',NULL,'Rochester ','NY','14606',NULL,'585-377-3447','585-317-8376','1936-03-05',160,NULL,'M',NULL,NULL,NULL,'Daughter ','Carol ','Wife',NULL,NULL,NULL,'Navy','SA','2 years',0,1,0,0,'Aircraft carrier U.S.S Saratoga AMO Passer, Life Boat Watch, Mooring Line',0,0,0,'',0,'','',0,0,0,0,0,0,0,0,0,0,0,0,0,0,0,0,0,'','',0,NULL,NULL,NULL,NULL,'','','2019-04-19','','VR Check  ef 6.6.19','2019-06-06 15:48:56'),(6241,3537,'Grandaughter',NULL,69,NULL,'Gary','O','Sanchez','','M',NULL,'Hornell','NY','14843',NULL,'585-377-3299','585-317-1872','1944-11-01',180,NULL,'XL',NULL,NULL,NULL,'Grandaughter','Marcia ','Wife',NULL,NULL,NULL,'US Army','SP4','12/65 - 9/67',0,0,0,1,'Infantry - Vietnam',0,0,0,'',0,'','Losartan Potassium- every morning\r\nEsomeprazole Mag- every morning\r\nAtorvastatin- night time\r\nsertraline HCL- night time\r\nbayer aspirin- night time\r\nproair HFA- as needed\r\nadvair 2x daily\r\nNovolin R- 3x daily\r\ntresiba Needles one touch ultra \r\nall everyday \r\n',0,0,0,0,0,0,1,0,0,0,1,0,0,0,0,0,0,'','',0,NULL,NULL,NULL,NULL,'','','2019-04-23','Diabetic','VR Check  ef 6.3.19','2019-06-03 14:07:58'),(6291,3575,'Son',NULL,69,NULL,'Robert','J','Collins','Bob','M',NULL,'Rochester','NY','14616',NULL,'585-377-6153','585-317-6852','1946-12-07',180,NULL,'XXL',NULL,NULL,NULL,'Daughter','Cheryl ','Wife',NULL,NULL,NULL,'Navy','E-4','1967-70',0,0,0,1,'Aviation structural mechanic and hydrylics',0,1,1,'',1,'Walker is used while transfering from bed to chair also while in the house.  Wheelchair while leaving the house for appontments.  Im hoping to get a scooter in the future so that I can be more independent.','Eliquis 5mg am/pm,, Spironolactone 25 mg, Entresto 24/26 am/pm, Torsemide 20mg, Glipizide 5 mg  am/pm, Metoprolel ER  50mg am, \r\nRosovastatin 20mg am, Duloxetine 60mg am, Ferrocon am/pm,\r\n Asprin 81mg am',0,0,1,1,0,0,1,0,0,0,0,0,1,1,0,0,1,'','Heart failure\r\nAbove knee amputation',1,NULL,NULL,NULL,NULL,'','','2019-05-05','','ef  05.09.2019\r\nVR Check  ef 6.1.19','2019-06-01 16:05:05'),(6303,3584,'Son',NULL,69,NULL,'Samuel','****','Allen','+++','M',NULL,'Webster','NY','14580',NULL,'585-377-2870','585-317-1645','1926-02-12',195,NULL,'XL',NULL,NULL,NULL,'Wife','Barbara ','Daughter',NULL,NULL,NULL,'navy','petty officer 3rd class','2 Years',1,0,0,0,'',0,0,0,'',0,'','Levothyroxine 1 a day aspirin 1 a day pantoprazole 1 a day b12 1 a day d3 1 a day spironolactone 1 a day calcium 2 a day multi vitamins 1 a day Valsartan 1 a day Metoprod 1 a day Simvastatin 1  a day Terazosin 1  a day Preservision 2 a day ',0,0,1,0,0,0,0,0,0,0,0,0,0,1,0,0,0,'i do not use','Allergic - Zestril',0,NULL,NULL,NULL,NULL,'','','2019-05-14','','VR Check - ef 6/1/19','2019-06-01 14:08:54'),(6588,1682,'',NULL,69,NULL,'Safety Asst','','Bus 2 M66','',NULL,NULL,'','','',NULL,'585-377-4892','585-317-5669','1909-11-17',0,NULL,'S',NULL,NULL,NULL,'','','',NULL,NULL,NULL,'','','',0,0,0,0,'',0,0,0,'',0,'','',0,0,0,0,0,0,0,0,0,0,0,0,0,0,0,0,0,'','',0,NULL,NULL,NULL,NULL,'','','2019-06-04','','','2019-06-03 21:30:18'),(6589,162,'',NULL,69,NULL,'Trip Leader','','M66','',NULL,NULL,'','','',NULL,'585-377-6850','585-317-5411','1909-11-17',0,NULL,'S',NULL,NULL,NULL,'','','',NULL,NULL,NULL,'','','',0,0,0,0,'',0,0,0,'',0,'','',0,0,0,0,0,0,0,0,0,0,0,0,0,0,0,0,0,'','',0,NULL,NULL,NULL,NULL,'','','2019-06-04','','','2019-06-03 21:36:10'),(6590,1098,'',NULL,69,NULL,'Safety Leader','','M66','',NULL,NULL,'','','',NULL,'585-377-1579','585-317-1050','1909-11-17',0,NULL,'S',NULL,NULL,NULL,'','','',NULL,NULL,NULL,'','','',0,0,0,0,'',0,0,0,'',0,'','',0,0,0,0,0,0,0,0,0,0,0,0,0,0,0,0,0,'','',0,NULL,NULL,NULL,NULL,'','','2019-06-04','','','2019-06-03 21:37:09'),(6591,431,'',NULL,69,NULL,'Photographer','','M66','',NULL,NULL,'','','',NULL,'585-377-5342','585-317-7014','1909-11-17',0,NULL,'S',NULL,NULL,NULL,'','','',NULL,NULL,NULL,'','','',0,0,0,0,'',0,0,0,'',0,'','',0,0,0,0,0,0,0,0,0,0,0,0,0,0,0,0,0,'','',0,NULL,NULL,NULL,NULL,'','','2019-06-04','','','2019-06-03 21:38:04'),(6592,1581,'',NULL,69,NULL,'Bus 1 Leader ','','M66','',NULL,NULL,'','','',NULL,'585-377-3976','585-317-4925','1909-11-17',0,NULL,'S',NULL,NULL,NULL,'','','',NULL,NULL,NULL,'','','',0,0,0,0,'',0,0,0,'',0,'','',0,0,0,0,0,0,0,0,0,0,0,0,0,0,0,0,0,'','',0,NULL,NULL,NULL,NULL,'','','2019-06-04','','','2019-06-03 21:40:09'),(6593,3510,'',NULL,69,NULL,'Bus 2 Leader','','M66','',NULL,NULL,'','','',NULL,'585-377-3854','585-317-3583','1909-11-17',0,NULL,'S',NULL,NULL,NULL,'','','',NULL,NULL,NULL,'','','',0,0,0,0,'',0,0,0,'',0,'','',0,0,0,0,0,0,0,0,0,0,0,0,0,0,0,0,0,'','',0,NULL,NULL,NULL,NULL,'','','2019-06-04','','','2019-06-03 21:41:30'),(6594,1107,'',NULL,69,NULL,'Bus 3 Leader','','M66','',NULL,NULL,'','','',NULL,'585-377-7344','585-317-3139','1909-11-17',0,NULL,'S',NULL,NULL,NULL,'','','',NULL,NULL,NULL,'','','',0,0,0,0,'',0,0,0,'',0,'','',0,0,0,0,0,0,0,0,0,0,0,0,0,0,0,0,0,'','',0,NULL,NULL,NULL,NULL,'','','2019-06-04','','','2019-06-03 21:42:35'),(6595,400,'',NULL,69,NULL,'Safety Leader','',' Bus 1 M66','',NULL,NULL,'','','',NULL,'585-377-7159','585-317-4947','1909-11-17',0,NULL,'S',NULL,NULL,NULL,'','','',NULL,NULL,NULL,'','','',0,0,0,0,'',0,0,0,'',0,'','',0,0,0,0,0,0,0,0,0,0,0,0,0,0,0,0,0,'','',0,NULL,NULL,NULL,NULL,'','','2019-06-04','','','2019-06-06 15:36:15'),(6596,451,'',NULL,69,NULL,'Safety Leader','','Bus 2 M66','',NULL,NULL,'','','',NULL,'585-377-4765','585-317-6318','1909-11-17',0,NULL,'S',NULL,NULL,NULL,'','','',NULL,NULL,NULL,'','','',0,0,0,0,'',0,0,0,'',0,'','',0,0,0,0,0,0,0,0,0,0,0,0,0,0,0,0,0,'','',0,NULL,NULL,NULL,NULL,'','','2019-06-04','','','2019-06-03 21:45:29'),(6597,243,'',NULL,69,NULL,'Safety Leader','','Bus 3 M66','',NULL,NULL,'','','',NULL,'585-377-2349','585-317-7753','1909-11-17',0,NULL,'S',NULL,NULL,NULL,'','','',NULL,NULL,NULL,'','','',0,0,0,0,'',0,0,0,'',0,'','',0,0,0,0,0,0,0,0,0,0,0,0,0,0,0,0,0,'','',0,NULL,NULL,NULL,NULL,'','','2019-06-04','','','2019-06-03 21:47:34'),(6598,958,'',NULL,69,NULL,'Safety Asst Bus 1','','M66','',NULL,NULL,'','','',NULL,'585-377-6451','585-317-1814','1909-11-17',0,NULL,'S',NULL,NULL,NULL,'','','',NULL,NULL,NULL,'','','',0,0,0,0,'',0,0,0,'',0,'','',0,0,0,0,0,0,0,0,0,0,0,0,0,0,0,0,0,'','',0,NULL,NULL,NULL,NULL,'','','2019-06-04','','','2019-06-11 16:08:31'),(6599,168,'',NULL,69,NULL,'Advance Bus 1','','M66','',NULL,NULL,'','','',NULL,'585-377-7209','585-317-3807','1909-11-17',0,NULL,'S',NULL,NULL,NULL,'','','',NULL,NULL,NULL,'','','',0,0,0,0,'',0,0,0,'',0,'','',0,0,0,0,0,0,0,0,0,0,0,0,0,0,0,0,0,'','',0,NULL,NULL,NULL,NULL,'','','2019-06-04','','','2019-06-03 22:00:01'),(6600,2906,'',NULL,69,NULL,'Mission Asst Bus 1','','M66','',NULL,NULL,'','','',NULL,'585-377-7695','585-317-4595','1909-11-17',0,NULL,'S',NULL,NULL,NULL,'','','',NULL,NULL,NULL,'','','',0,0,0,0,'',0,0,0,'',0,'','',0,0,0,0,0,0,0,0,0,0,0,0,0,0,0,0,0,'','',0,NULL,NULL,NULL,NULL,'','','2019-06-04','','','2019-06-03 22:03:15'),(6601,2571,'',NULL,69,NULL,'Advance Bus 2','','M66','',NULL,NULL,'','','',NULL,'585-377-7847','585-317-2556','1909-11-17',0,NULL,'S',NULL,NULL,NULL,'','','',NULL,NULL,NULL,'','','',0,0,0,0,'',0,0,0,'',0,'','',0,0,0,0,0,0,0,0,0,0,0,0,0,0,0,0,0,'','',0,NULL,NULL,NULL,NULL,'','','2019-06-04','','','2019-06-03 22:11:18'),(6603,957,'',NULL,69,NULL,'Safety Asst Bus 3','','M66','',NULL,NULL,'','','',NULL,'585-377-7153','585-317-7996','1909-11-17',0,NULL,'S',NULL,NULL,NULL,'','','',NULL,NULL,NULL,'','','',0,0,0,0,'',0,0,0,'',0,'','',0,0,0,0,0,0,0,0,0,0,0,0,0,0,0,0,0,'','',0,NULL,NULL,NULL,NULL,'','','2019-06-04','','','2019-06-03 22:18:13'),(6604,2916,'',NULL,69,NULL,'Mission Asst Bus 3','','M66','',NULL,NULL,'','','',NULL,'585-377-3224','585-317-5316','1909-11-17',0,NULL,'S',NULL,NULL,NULL,'','','',NULL,NULL,NULL,'','','',0,0,0,0,'',0,0,0,'',0,'','',0,0,0,0,0,0,0,0,0,0,0,0,0,0,0,0,0,'','',0,NULL,NULL,NULL,NULL,'','','2019-06-04','','','2019-06-03 22:32:25'),(6632,1126,'',NULL,69,NULL,'M66','','Advanced Bus 3','',NULL,NULL,'','','',NULL,'585-377-3660','585-317-2590','1909-11-17',0,NULL,'S',NULL,NULL,NULL,'','','',NULL,NULL,NULL,'','','',0,0,0,0,'',0,0,0,'',0,'','',0,0,0,0,0,0,0,0,0,0,0,0,0,0,0,0,0,'','',0,NULL,NULL,NULL,NULL,'','','2019-06-06','','','2019-06-06 15:49:13'),(6633,2907,'',NULL,69,NULL,'Mission Asst Bus 2','','M66','',NULL,NULL,'','','',NULL,'585-377-8631','585-317-6003','1909-11-17',0,NULL,'S',NULL,NULL,NULL,'','','',NULL,NULL,NULL,'','','',0,0,0,0,'',0,0,0,'',0,'','',0,0,0,0,0,0,0,0,0,0,0,0,0,0,0,0,0,'','',0,NULL,NULL,NULL,NULL,'','','2019-06-06','','','2019-06-06 15:50:28'),(6815,3714,'Great nephew',447,67,160,'Raleigh','J','Bright','Blake','M',NULL,'Rochester','NY','14605',NULL,'585-377-5179','585-317-4247','1933-02-21',170,NULL,'L',NULL,NULL,NULL,'','Clara ','Wife',NULL,NULL,NULL,'Army','PVT 1st CPL','4.7.1953 to 4.8.1955',0,1,0,0,'6st Armored Division \r\n86th Reconnissance Battalion',1,0,0,'Curb',0,'When it is a long walk','Chlorthalidone\r\nMetoprolol Succ ER\r\nLisinopril\r\nAleve',0,0,0,0,0,0,0,0,0,0,0,0,0,1,1,0,0,'','',1,NULL,NULL,NULL,NULL,'','Yellow','2019-06-11','','VR Check  ef 8.31.19\r\nef  7.21.19','2019-08-31 22:45:34'),(6885,483,'',NULL,67,NULL,'M67 ','','Bus 1','',NULL,NULL,'','','',NULL,'585-377-8998','585-317-3228','1909-11-17',0,NULL,'S',NULL,NULL,NULL,'','','',NULL,NULL,NULL,'','','',0,0,0,0,'',0,0,0,'',0,'','',0,0,0,0,0,0,0,0,0,0,0,0,0,0,0,0,0,'','',0,NULL,NULL,NULL,NULL,'','','2019-08-24','','','2019-08-23 22:08:06'),(6886,272,'',NULL,67,NULL,'M67','','Trip Leader','',NULL,NULL,'','','',NULL,'585-377-2460','585-317-3400','1909-11-17',0,NULL,'S',NULL,NULL,NULL,'','','',NULL,NULL,NULL,'','','',0,0,0,0,'',0,0,0,'',0,'','',0,0,0,0,0,0,0,0,0,0,0,0,0,0,0,0,0,'','',0,NULL,NULL,NULL,NULL,'','','2019-08-24','','','2019-08-23 22:09:20'),(6887,NULL,'',NULL,67,NULL,'M67','','Bus 2','',NULL,NULL,'','','',NULL,'585-377-3304','585-317-7317','1909-11-17',0,NULL,'S',NULL,NULL,NULL,'','','',NULL,NULL,NULL,'','','',0,0,0,0,'',0,0,0,'',0,'','',0,0,0,0,0,0,0,0,0,0,0,0,0,0,0,0,0,'','',0,NULL,NULL,NULL,NULL,'','','2019-08-24','','','2019-08-23 22:11:01'),(6888,235,'',NULL,67,NULL,'M67','','Bus 3','',NULL,NULL,'','','',NULL,'585-377-1401','585-317-8388','1909-11-17',0,NULL,'S',NULL,NULL,NULL,'','','',NULL,NULL,NULL,'','','',0,0,0,0,'',0,0,0,'',0,'','',0,0,0,0,0,0,0,0,0,0,0,0,0,0,0,0,0,'','',0,NULL,NULL,NULL,NULL,'','','2019-08-24','','','2019-08-23 22:12:08'),(6889,NULL,'',NULL,67,NULL,'M67','','Safety Lead','',NULL,NULL,'','','',NULL,'585-377-8787','585-317-1992','1909-11-17',0,NULL,'S',NULL,NULL,NULL,'','','',NULL,NULL,NULL,'','','',0,0,0,0,'',0,0,0,'',0,'','',0,0,0,0,0,0,0,0,0,0,0,0,0,0,0,0,0,'','',0,NULL,NULL,NULL,NULL,'','','2019-08-24','','','2019-08-23 22:13:04'),(6890,1457,'',NULL,67,NULL,'M67','','Bus 1 Safety','',NULL,NULL,'','','',NULL,'585-377-7519','585-317-2794','1909-11-17',0,NULL,'S',NULL,NULL,NULL,'','','',NULL,NULL,NULL,'','','',0,0,0,0,'',0,0,0,'',0,'','',0,0,0,0,0,0,0,0,0,0,0,0,0,0,0,0,0,'','',0,NULL,NULL,NULL,NULL,'','','2019-08-24','','','2019-08-23 22:14:35'),(6891,2323,'',NULL,67,NULL,'M67','','Bus 1 Safety Asst','',NULL,NULL,'','','',NULL,'585-377-2237','585-317-7993','1909-11-17',0,NULL,'S',NULL,NULL,NULL,'','','',NULL,NULL,NULL,'','','',0,0,0,0,'',0,0,0,'',0,'','',0,0,0,0,0,0,0,0,0,0,0,0,0,0,0,0,0,'','',0,NULL,NULL,NULL,NULL,'','','2019-08-24','','','2019-08-23 22:15:52'),(6892,1377,'',NULL,67,NULL,'M67','','Bus 1 Advance','',NULL,NULL,'','','',NULL,'585-377-6626','585-317-4588','1909-11-17',0,NULL,'S',NULL,NULL,NULL,'','','',NULL,NULL,NULL,'','','',0,0,0,0,'',0,0,0,'',0,'','',0,0,0,0,0,0,0,0,0,0,0,0,0,0,0,0,0,'','',0,NULL,NULL,NULL,NULL,'','','2019-08-24','','','2019-08-23 22:17:09'),(6893,171,'',NULL,67,NULL,'M67','','Photographer','',NULL,NULL,'','','',NULL,'585-377-8421','585-317-7959','1909-11-17',0,NULL,'S',NULL,NULL,NULL,'','','',NULL,NULL,NULL,'','','',0,0,0,0,'',0,0,0,'',0,'','',0,0,0,0,0,0,0,0,0,0,0,0,0,0,0,0,0,'','',0,NULL,NULL,NULL,NULL,'','','2019-08-24','','','2019-08-23 22:18:04'),(6894,3301,'',NULL,67,NULL,'M67','','Bus 2 Safety','',NULL,NULL,'','','',NULL,'585-377-4228','585-317-8033','1909-11-17',0,NULL,'S',NULL,NULL,NULL,'','','',NULL,NULL,NULL,'','','',0,0,0,0,'',0,0,0,'',0,'','',0,0,0,0,0,0,0,0,0,0,0,0,0,0,0,0,0,'','',0,NULL,NULL,NULL,NULL,'','','2019-08-24','','','2019-08-23 22:19:12'),(6895,9999,'',NULL,67,NULL,'M67','','Bus 2 Safety Asst','',NULL,NULL,'','','',NULL,'585-377-4877','585-317-7289','1909-11-17',0,NULL,'S',NULL,NULL,NULL,'','','',NULL,NULL,NULL,'','','',0,0,0,0,'',0,0,0,'',0,'','',0,0,0,0,0,0,0,0,0,0,0,0,0,0,0,0,0,'','',0,NULL,NULL,NULL,NULL,'','','2019-08-24','','','2019-08-23 22:25:57'),(6896,1851,'',NULL,67,NULL,'M67','','Bus 1 Miss Asst','',NULL,NULL,'','','',NULL,'585-377-2705','585-317-3350','1909-11-17',0,NULL,'S',NULL,NULL,NULL,'','','',NULL,NULL,NULL,'','','',0,0,0,0,'',0,0,0,'',0,'','',0,0,0,0,0,0,0,0,0,0,0,0,0,0,0,0,0,'','',0,NULL,NULL,NULL,NULL,'','','2019-08-24','','','2019-08-23 22:27:13'),(6897,1010,'',NULL,67,NULL,'M67','','Bus 2 Safety Asst','',NULL,NULL,'','','',NULL,'585-377-7892','585-317-3882','1909-11-17',0,NULL,'S',NULL,NULL,NULL,'','','',NULL,NULL,NULL,'','','',0,0,0,0,'',0,0,0,'',0,'','',0,0,0,0,0,0,0,0,0,0,0,0,0,0,0,0,0,'','',0,NULL,NULL,NULL,NULL,'','','2019-08-24','','','2019-08-23 22:28:30'),(6898,2293,'',NULL,67,NULL,'M67','','Bus 2 Advance','',NULL,NULL,'','','',NULL,'585-377-4348','585-317-3617','1909-11-17',0,NULL,'S',NULL,NULL,NULL,'','','',NULL,NULL,NULL,'','','',0,0,0,0,'',0,0,0,'',0,'','',0,0,0,0,0,0,0,0,0,0,0,0,0,0,0,0,0,'','',0,NULL,NULL,NULL,NULL,'','','2019-08-24','','','2019-08-23 22:29:25'),(6899,2691,'',NULL,67,NULL,'M67','','Bus 2  Miss Asst','',NULL,NULL,'','','',NULL,'585-377-7066','585-317-8156','1909-11-17',0,NULL,'S',NULL,NULL,NULL,'','','',NULL,NULL,NULL,'','','',0,0,0,0,'',0,0,0,'',0,'','',0,0,0,0,0,0,0,0,0,0,0,0,0,0,0,0,0,'','',0,NULL,NULL,NULL,NULL,'','','2019-08-24','','','2019-08-23 22:31:02'),(6900,1408,'',NULL,67,NULL,'M67','','Bus 3 Safety','',NULL,NULL,'','','',NULL,'585-377-4286','585-317-3701','1909-11-17',0,NULL,'S',NULL,NULL,NULL,'','','',NULL,NULL,NULL,'','','',0,0,0,0,'',0,0,0,'',0,'','',0,0,0,0,0,0,0,0,0,0,0,0,0,0,0,0,0,'','',0,NULL,NULL,NULL,NULL,'','','2019-08-24','','','2019-08-23 22:32:54'),(6901,2449,'',NULL,67,NULL,'M67','','Bus 3 Safety Asst','',NULL,NULL,'','','',NULL,'585-377-2342','585-317-3036','1909-11-17',0,NULL,'S',NULL,NULL,NULL,'','','',NULL,NULL,NULL,'','','',0,0,0,0,'',0,0,0,'',0,'','',0,0,0,0,0,0,0,0,0,0,0,0,0,0,0,0,0,'','',0,NULL,NULL,NULL,NULL,'','','2019-08-24','','','2019-08-23 22:34:09'),(6902,2773,'',NULL,67,NULL,'M67','','Bus 3 Miss Asst','',NULL,NULL,'','','',NULL,'585-377-6311','585-317-4079','1909-11-17',0,NULL,'S',NULL,NULL,NULL,'','','',NULL,NULL,NULL,'','','',0,0,0,0,'',0,0,0,'',0,'','',0,0,0,0,0,0,0,0,0,0,0,0,0,0,0,0,0,'','',0,NULL,NULL,NULL,NULL,'','','2019-08-24','','','2019-08-23 22:41:43'),(6917,2912,'',NULL,67,NULL,'M67','','extra','',NULL,NULL,'','','',NULL,'585-377-3854','585-317-2288','1909-11-17',0,NULL,'S',NULL,NULL,NULL,'','','',NULL,NULL,NULL,'','','',0,0,0,0,'',0,0,0,'',0,'','',0,0,0,0,0,0,0,0,0,0,0,0,0,0,0,0,0,'','',0,NULL,NULL,NULL,NULL,'','','2019-09-03','','','2019-09-03 08:30:13'),(7064,NULL,'Son',NULL,69,NULL,'Dale','D','Scharf','','M',NULL,'Rochester','NY','14616',NULL,'585-377-3403','585-317-8201','1942-03-25',190,NULL,'XL',NULL,NULL,NULL,'Daughter','Diane ','Wife',NULL,NULL,NULL,'US Army','SGT E5','1964-1966',0,0,0,1,'Stationed at Balmholder, Germany with 1st 13th Infanry regiment squad leader of a Platoon.  Assigned to the motor pool with headquarters company',0,0,0,'',0,'','Levothyroxine',1,0,0,0,0,0,0,0,0,0,0,0,0,1,0,0,1,'','',0,NULL,NULL,NULL,NULL,'','','2019-07-11','','VA  ef 10.28..19','2019-10-28 21:21:00');
/*!40000 ALTER TABLE `veteran` ENABLE KEYS */;
UNLOCK TABLES;
/*!40103 SET TIME_ZONE=@OLD_TIME_ZONE */;

/*!40101 SET SQL_MODE=@OLD_SQL_MODE */;
/*!40014 SET FOREIGN_KEY_CHECKS=@OLD_FOREIGN_KEY_CHECKS */;
/*!40014 SET UNIQUE_CHECKS=@OLD_UNIQUE_CHECKS */;
/*!40101 SET CHARACTER_SET_CLIENT=@OLD_CHARACTER_SET_CLIENT */;
/*!40101 SET CHARACTER_SET_RESULTS=@OLD_CHARACTER_SET_RESULTS */;
/*!40101 SET COLLATION_CONNECTION=@OLD_COLLATION_CONNECTION */;
/*!40111 SET SQL_NOTES=@OLD_SQL_NOTES */;

-- Dump completed on 2020-09-30 16:41:25